{"credit":"? 2021 Melion.cloud","textures":{"particle":"block/oak_log","texture":"block/oak_log"},"elements":[{"name":"Box10","from":[8.7,0,7.5],"to":[15.7,0.66667,8.41667],"shade":false,"rotation":{"angle":-45,"axis":"y","origin":[8.2,0.33333,10.20834]},"faces":{"north":{"uv":[0,11,15,16],"texture":"#texture"},"east":{"uv":[4,6,8,15],"texture":"#texture"},"south":{"uv":[1,7,16,12],"texture":"#texture"},"west":{"uv":[2,11,7,16],"texture":"#texture"},"up":{"uv":[0,0,15,5],"texture":"#texture"},"down":{"uv":[0,4,13,8],"texture":"#texture"}}},{"name":"Box11","from":[8.7,0.67,7.75],"to":[15.7,0.83667,8.16667],"shade":false,"rotation":{"angle":-45,"axis":"y","origin":[8.2,0.33333,10.20834]},"faces":{"north":{"uv":[0,11,15,16],"texture":"#texture"},"east":{"uv":[4,6,8,15],"texture":"#texture"},"south":{"uv":[1,7,16,12],"texture":"#texture"},"west":{"uv":[2,11,7,16],"texture":"#texture"},"up":{"uv":[0,0,15,5],"texture":"#texture"},"down":{"uv":[0,4,13,8],"texture":"#texture"}}},{"name":"Box11","from":[9.45398,0,1.41024],"to":[10.37065,0.666,8.41024],"shade":false,"rotation":{"angle":22.5,"axis":"y","origin":[11.91231,0.33333,7.91024]},"faces":{"north":{"uv":[2,11,7,16],"texture":"#texture"},"east":{"uv":[0,11,15,16],"texture":"#texture"},"south":{"uv":[4,6,8,15],"texture":"#texture"},"west":{"uv":[1,7,16,12],"texture":"#texture"},"up":{"uv":[0,0,15,5],"rotation":90,"texture":"#texture"},"down":{"uv":[0,4,13,8],"rotation":270,"texture":"#texture"}}},{"name":"Box12","from":[9.70398,0.65,1.66024],"to":[10.12065,0.816,8.16024],"shade":false,"rotation":{"angle":22.5,"axis":"y","origin":[11.91231,0.33333,7.91024]},"faces":{"north":{"uv":[2,11,7,16],"texture":"#texture"},"east":{"uv":[0,11,15,16],"texture":"#texture"},"south":{"uv":[4,6,8,15],"texture":"#texture"},"west":{"uv":[1,7,16,12],"texture":"#texture"},"up":{"uv":[0,0,15,5],"rotation":90,"texture":"#texture"},"down":{"uv":[0,4,13,8],"rotation":270,"texture":"#texture"}}},{"name":"Box12","from":[6.97098,0,6.72636],"to":[9.22098,0.166,6.89303],"shade":false,"rotation":{"angle":-22.5,"axis":"y","origin":[7.84598,0.083,6.8097]},"faces":{"north":{"uv":[0,11,15,16],"texture":"#texture"},"east":{"uv":[4,6,8,15],"texture":"#texture"},"south":{"uv":[1,7,16,12],"texture":"#texture"},"west":{"uv":[2,11,7,16],"texture":"#texture"},"up":{"uv":[0,0,15,5],"texture":"#texture"},"down":{"uv":[0,4,13,8],"texture":"#texture"}}},{"name":"Box13","from":[4.60419,0,6.30667],"to":[6.85419,0.166,6.47334],"shade":false,"rotation":{"angle":0,"axis":"y","origin":[6.22919,0.083,6.14]},"faces":{"north":{"uv":[0,11,15,16],"texture":"#texture"},"east":{"uv":[4,6,8,15],"texture":"#texture"},"south":{"uv":[1,7,16,12],"texture":"#texture"},"west":{"uv":[2,11,7,16],"texture":"#texture"},"up":{"uv":[0,0,15,5],"texture":"#texture"},"down":{"uv":[0,4,13,8],"texture":"#texture"}}},{"name":"Box14","from":[8.35419,0,9.55667],"to":[10.85419,0.416,9.97334],"shade":false,"rotation":{"angle":-22.5,"axis":"y","origin":[9.97919,0.083,10.39]},"faces":{"north":{"uv":[0,11,15,16],"texture":"#texture"},"east":{"uv":[4,6,8,15],"texture":"#texture"},"south":{"uv":[1,7,16,12],"texture":"#texture"},"west":{"uv":[2,11,7,16],"texture":"#texture"},"up":{"uv":[0,0,15,5],"texture":"#texture"},"down":{"uv":[0,4,13,8],"texture":"#texture"}}},{"name":"Box15","from":[8.43915,0,7.5747],"to":[8.85582,0.416,9.8247],"shade":false,"rotation":{"angle":45,"axis":"y","origin":[7.77249,0.083,9.1997]},"faces":{"north":{"uv":[2,11,7,16],"texture":"#texture"},"east":{"uv":[0,11,15,16],"texture":"#texture"},"south":{"uv":[4,6,8,15],"texture":"#texture"},"west":{"uv":[1,7,16,12],"texture":"#texture"},"up":{"uv":[0,0,15,5],"rotation":90,"texture":"#texture"},"down":{"uv":[0,4,13,8],"rotation":270,"texture":"#texture"}}},{"name":"Box16","from":[9.18915,0,3.5747],"to":[9.35582,0.166,5.8247],"shade":false,"rotation":{"angle":0,"axis":"y","origin":[11.52249,0.083,4.6997]},"faces":{"north":{"uv":[2,11,7,16],"texture":"#texture"},"east":{"uv":[0,11,15,16],"texture":"#texture"},"south":{"uv":[4,6,8,15],"texture":"#texture"},"west":{"uv":[1,7,16,12],"texture":"#texture"},"up":{"uv":[0,0,15,5],"rotation":90,"texture":"#texture"},"down":{"uv":[0,4,13,8],"rotation":270,"texture":"#texture"}}},{"name":"Box17","from":[9.68915,0,1.0747],"to":[9.85582,0.166,3.3247],"shade":false,"rotation":{"angle":-22.5,"axis":"y","origin":[9.27249,0.083,2.4497]},"faces":{"north":{"uv":[2,11,7,16],"texture":"#texture"},"east":{"uv":[0,11,15,16],"texture":"#texture"},"south":{"uv":[4,6,8,15],"texture":"#texture"},"west":{"uv":[1,7,16,12],"texture":"#texture"},"up":{"uv":[0,0,15,5],"rotation":90,"texture":"#texture"},"down":{"uv":[0,4,13,8],"rotation":270,"texture":"#texture"}}},{"name":"Box18","from":[11.93915,0,5.0747],"to":[12.35582,0.416,7.3247],"shade":false,"rotation":{"angle":-22.5,"axis":"y","origin":[9.27249,0.083,2.4497]},"faces":{"north":{"uv":[2,11,7,16],"texture":"#texture"},"east":{"uv":[0,11,15,16],"texture":"#texture"},"south":{"uv":[4,6,8,15],"texture":"#texture"},"west":{"uv":[1,7,16,12],"texture":"#texture"},"up":{"uv":[0,0,15,5],"rotation":90,"texture":"#texture"},"down":{"uv":[0,4,13,8],"rotation":270,"texture":"#texture"}}},{"name":"Box19","from":[10.75146,0,3.53193],"to":[11.16813,0.416,5.78193],"shade":false,"rotation":{"angle":0,"axis":"y","origin":[11.3348,0.083,4.65693]},"faces":{"north":{"uv":[2,11,7,16],"texture":"#texture"},"east":{"uv":[0,11,15,16],"texture":"#texture"},"south":{"uv":[4,6,8,15],"texture":"#texture"},"west":{"uv":[1,7,16,12],"texture":"#texture"},"up":{"uv":[0,0,15,5],"rotation":90,"texture":"#texture"},"down":{"uv":[0,4,13,8],"rotation":270,"texture":"#texture"}}}],"display":{"thirdperson_righthand":{"rotation":[75,45,0],"translation":[0,2.5,0],"scale":[0.375,0.375,0.375]},"thirdperson_lefthand":{"rotation":[75,45,0],"translation":[0,2.5,0],"scale":[0.375,0.375,0.375]},"firstperson_righthand":{"rotation":[0,45,0],"scale":[0.4,0.4,0.4]},"firstperson_lefthand":{"rotation":[0,225,0],"scale":[0.4,0.4,0.4]},"ground":{"translation":[0,3,0],"scale":[0.25,0.25,0.25]},"gui":{"rotation":[30,225,0],"scale":[0.625,0.625,0.625]},"head":{"translation":[0,-16.75,0],"scale":[2,2,2]},"fixed":{"scale":[0.5,0.5,0.5]}}}