{"credit":"? 2021 Melion.cloud","textures":{"particle":"block/oak_log","texture":"block/oak_log"},"elements":[{"name":"Box10","from":[6.7,0,10.75],"to":[13.7,1.66667,12.41667],"shade":false,"rotation":{"angle":-45,"axis":"y","origin":[8.2,0.33333,10.20834]},"faces":{"north":{"uv":[0,11,15,16],"texture":"#texture"},"east":{"uv":[4,6,8,15],"texture":"#texture"},"south":{"uv":[1,7,16,12],"texture":"#texture"},"west":{"uv":[2,11,7,16],"texture":"#texture"},"up":{"uv":[0,0,15,5],"texture":"#texture"},"down":{"uv":[0,4,13,8],"texture":"#texture"}}},{"name":"Box11","from":[6.7,1.67,11],"to":[13.7,2.08667,12.16667],"shade":false,"rotation":{"angle":-45,"axis":"y","origin":[8.2,0.33333,10.20834]},"faces":{"north":{"uv":[0,11,15,16],"texture":"#texture"},"east":{"uv":[4,6,8,15],"texture":"#texture"},"south":{"uv":[1,7,16,12],"texture":"#texture"},"west":{"uv":[2,11,7,16],"texture":"#texture"},"up":{"uv":[0,0,15,5],"texture":"#texture"},"down":{"uv":[0,4,13,8],"texture":"#texture"}}},{"name":"Box11","from":[4.43653,0,1.55202],"to":[6.1032,1.416,8.55202],"shade":false,"rotation":{"angle":0,"axis":"y","origin":[6.14487,0.333,7.05202]},"faces":{"north":{"uv":[2,11,7,16],"texture":"#texture"},"east":{"uv":[0,11,15,16],"texture":"#texture"},"south":{"uv":[4,6,8,15],"texture":"#texture"},"west":{"uv":[1,7,16,12],"texture":"#texture"},"up":{"uv":[0,0,15,5],"rotation":90,"texture":"#texture"},"down":{"uv":[0,4,13,8],"rotation":270,"texture":"#texture"}}},{"name":"Box12","from":[4.65,1.4,1.90397],"to":[5.81667,1.816,8.40397],"shade":false,"rotation":{"angle":0,"axis":"y","origin":[8.91651,0.733,5.90397]},"faces":{"north":{"uv":[2,11,7,16],"texture":"#texture"},"east":{"uv":[0,11,15,16],"texture":"#texture"},"south":{"uv":[4,6,8,15],"texture":"#texture"},"west":{"uv":[1,7,16,12],"texture":"#texture"},"up":{"uv":[0,0,15,5],"rotation":90,"texture":"#texture"},"down":{"uv":[0,4,13,8],"rotation":270,"texture":"#texture"}}},{"name":"Box12","from":[2.56556,0,2.40501],"to":[2.73223,0.166,4.65501],"shade":false,"rotation":{"angle":-22.5,"axis":"y","origin":[3.6489,0.083,4.53001]},"faces":{"north":{"uv":[2,11,7,16],"texture":"#texture"},"east":{"uv":[0,11,15,16],"texture":"#texture"},"south":{"uv":[4,6,8,15],"texture":"#texture"},"west":{"uv":[1,7,16,12],"texture":"#texture"},"up":{"uv":[0,0,15,5],"rotation":90,"texture":"#texture"},"down":{"uv":[0,4,13,8],"rotation":270,"texture":"#texture"}}},{"name":"Box13","from":[3.14586,0,5.26501],"to":[3.31253,0.166,7.51501],"shade":false,"rotation":{"angle":22.5,"axis":"y","origin":[4.72919,0.083,6.39001]},"faces":{"north":{"uv":[2,11,7,16],"texture":"#texture"},"east":{"uv":[0,11,15,16],"texture":"#texture"},"south":{"uv":[4,6,8,15],"texture":"#texture"},"west":{"uv":[1,7,16,12],"texture":"#texture"},"up":{"uv":[0,0,15,5],"rotation":90,"texture":"#texture"},"down":{"uv":[0,4,13,8],"rotation":270,"texture":"#texture"}}},{"name":"Box14","from":[5.35419,0,13.55667],"to":[7.85419,0.416,13.97334],"shade":false,"rotation":{"angle":-22.5,"axis":"y","origin":[9.97919,0.083,10.39]},"faces":{"north":{"uv":[0,11,15,16],"texture":"#texture"},"east":{"uv":[4,6,8,15],"texture":"#texture"},"south":{"uv":[1,7,16,12],"texture":"#texture"},"west":{"uv":[2,11,7,16],"texture":"#texture"},"up":{"uv":[0,0,15,5],"texture":"#texture"},"down":{"uv":[0,4,13,8],"texture":"#texture"}}},{"name":"Box15","from":[3.43915,0,5.5747],"to":[3.85582,0.416,7.8247],"shade":false,"rotation":{"angle":45,"axis":"y","origin":[7.77249,0.083,9.1997]},"faces":{"north":{"uv":[2,11,7,16],"texture":"#texture"},"east":{"uv":[0,11,15,16],"texture":"#texture"},"south":{"uv":[4,6,8,15],"texture":"#texture"},"west":{"uv":[1,7,16,12],"texture":"#texture"},"up":{"uv":[0,0,15,5],"rotation":90,"texture":"#texture"},"down":{"uv":[0,4,13,8],"rotation":270,"texture":"#texture"}}},{"name":"Box16","from":[9.43915,0,5.5747],"to":[9.60582,0.166,7.8247],"shade":false,"rotation":{"angle":0,"axis":"y","origin":[11.52249,0.083,4.6997]},"faces":{"north":{"uv":[2,11,7,16],"texture":"#texture"},"east":{"uv":[0,11,15,16],"texture":"#texture"},"south":{"uv":[4,6,8,15],"texture":"#texture"},"west":{"uv":[1,7,16,12],"texture":"#texture"},"up":{"uv":[0,0,15,5],"rotation":90,"texture":"#texture"},"down":{"uv":[0,4,13,8],"rotation":270,"texture":"#texture"}}},{"name":"Box17","from":[7.13991,0,5.36327],"to":[7.30658,0.166,7.61327],"shade":false,"rotation":{"angle":-45,"axis":"y","origin":[9.22324,0.083,6.48827]},"faces":{"north":{"uv":[2,11,7,16],"texture":"#texture"},"east":{"uv":[0,11,15,16],"texture":"#texture"},"south":{"uv":[4,6,8,15],"texture":"#texture"},"west":{"uv":[1,7,16,12],"texture":"#texture"},"up":{"uv":[0,0,15,5],"rotation":90,"texture":"#texture"},"down":{"uv":[0,4,13,8],"rotation":270,"texture":"#texture"}}},{"name":"Box18","from":[9.37182,0,9.50886],"to":[9.78849,0.416,11.75886],"shade":false,"rotation":{"angle":22.5,"axis":"y","origin":[8.58016,0.208,11.63386]},"faces":{"north":{"uv":[2,11,7,16],"texture":"#texture"},"east":{"uv":[0,11,15,16],"texture":"#texture"},"south":{"uv":[4,6,8,15],"texture":"#texture"},"west":{"uv":[1,7,16,12],"texture":"#texture"},"up":{"uv":[0,0,15,5],"rotation":90,"texture":"#texture"},"down":{"uv":[0,4,13,8],"rotation":270,"texture":"#texture"}}},{"name":"Box19","from":[9.75146,0,8.53193],"to":[10.16813,0.416,10.78193],"shade":false,"rotation":{"angle":-22.5,"axis":"y","origin":[11.3348,0.083,4.65693]},"faces":{"north":{"uv":[2,11,7,16],"texture":"#texture"},"east":{"uv":[0,11,15,16],"texture":"#texture"},"south":{"uv":[4,6,8,15],"texture":"#texture"},"west":{"uv":[1,7,16,12],"texture":"#texture"},"up":{"uv":[0,0,15,5],"rotation":90,"texture":"#texture"},"down":{"uv":[0,4,13,8],"rotation":270,"texture":"#texture"}}}],"display":{"thirdperson_righthand":{"rotation":[75,45,0],"translation":[0,2.5,0],"scale":[0.375,0.375,0.375]},"thirdperson_lefthand":{"rotation":[75,45,0],"translation":[0,2.5,0],"scale":[0.375,0.375,0.375]},"firstperson_righthand":{"rotation":[0,45,0],"scale":[0.4,0.4,0.4]},"firstperson_lefthand":{"rotation":[0,225,0],"scale":[0.4,0.4,0.4]},"ground":{"translation":[0,3,0],"scale":[0.25,0.25,0.25]},"gui":{"rotation":[30,225,0],"scale":[0.625,0.625,0.625]},"head":{"translation":[0,-16.75,0],"scale":[2,2,2]},"fixed":{"scale":[0.5,0.5,0.5]}}}