{"credit":"© 2021 Melion.cloud","textures":{"particle":"block/oak_log","texture":"block/oak_log"},"elements":[{"name":"Box12","from":[-0.18444,0,1.90501],"to":[-0.01777,0.166,4.15501],"shade":false,"rotation":{"angle":-22.5,"axis":"y","origin":[-3.3511,0.083,4.53001]},"faces":{"north":{"uv":[2,11,7,16],"texture":"#texture"},"east":{"uv":[0,11,15,16],"texture":"#texture"},"south":{"uv":[4,6,8,15],"texture":"#texture"},"west":{"uv":[1,7,16,12],"texture":"#texture"},"up":{"uv":[0,0,15,5],"rotation":90,"texture":"#texture"},"down":{"uv":[0,4,13,8],"rotation":270,"texture":"#texture"}}},{"name":"Box13","from":[13.47371,0,14.02943],"to":[13.64038,0.166,16.27943],"shade":false,"rotation":{"angle":0,"axis":"y","origin":[13.80705,0.083,15.15443]},"faces":{"north":{"uv":[2,11,7,16],"texture":"#texture"},"east":{"uv":[0,11,15,16],"texture":"#texture"},"south":{"uv":[4,6,8,15],"texture":"#texture"},"west":{"uv":[1,7,16,12],"texture":"#texture"},"up":{"uv":[0,0,15,5],"rotation":90,"texture":"#texture"},"down":{"uv":[0,4,13,8],"rotation":270,"texture":"#texture"}}},{"name":"Box14","from":[-1.64581,0,13.55667],"to":[0.85419,0.416,13.97334],"shade":false,"rotation":{"angle":-22.5,"axis":"y","origin":[2.97919,0.083,10.39]},"faces":{"north":{"uv":[0,11,15,16],"texture":"#texture"},"east":{"uv":[4,6,8,15],"texture":"#texture"},"south":{"uv":[1,7,16,12],"texture":"#texture"},"west":{"uv":[2,11,7,16],"texture":"#texture"},"up":{"uv":[0,0,15,5],"texture":"#texture"},"down":{"uv":[0,4,13,8],"texture":"#texture"}}},{"name":"Box15","from":[2.61485,0,0.73847],"to":[3.03152,0.416,2.98847],"shade":false,"rotation":{"angle":0,"axis":"y","origin":[4.57319,0.208,1.86347]},"faces":{"north":{"uv":[2,11,7,16],"texture":"#texture"},"east":{"uv":[0,11,15,16],"texture":"#texture"},"south":{"uv":[4,6,8,15],"texture":"#texture"},"west":{"uv":[1,7,16,12],"texture":"#texture"},"up":{"uv":[0,0,15,5],"rotation":90,"texture":"#texture"},"down":{"uv":[0,4,13,8],"rotation":270,"texture":"#texture"}}},{"name":"Box16","from":[15.93915,0,3.5747],"to":[16.10582,0.166,5.8247],"shade":false,"rotation":{"angle":0,"axis":"y","origin":[23.52249,0.083,4.6997]},"faces":{"north":{"uv":[2,11,7,16],"texture":"#texture"},"east":{"uv":[0,11,15,16],"texture":"#texture"},"south":{"uv":[4,6,8,15],"texture":"#texture"},"west":{"uv":[1,7,16,12],"texture":"#texture"},"up":{"uv":[0,0,15,5],"rotation":90,"texture":"#texture"},"down":{"uv":[0,4,13,8],"rotation":270,"texture":"#texture"}}},{"name":"Box17","from":[10.88991,0,7.86327],"to":[11.05658,0.166,10.11327],"shade":false,"rotation":{"angle":-45,"axis":"y","origin":[21.22324,0.083,6.48827]},"faces":{"north":{"uv":[2,11,7,16],"texture":"#texture"},"east":{"uv":[0,11,15,16],"texture":"#texture"},"south":{"uv":[4,6,8,15],"texture":"#texture"},"west":{"uv":[1,7,16,12],"texture":"#texture"},"up":{"uv":[0,0,15,5],"rotation":90,"texture":"#texture"},"down":{"uv":[0,4,13,8],"rotation":270,"texture":"#texture"}}},{"name":"Box18","from":[16.12182,0,9.50886],"to":[16.53849,0.416,11.75886],"shade":false,"rotation":{"angle":22.5,"axis":"y","origin":[20.58016,0.208,11.63386]},"faces":{"north":{"uv":[2,11,7,16],"texture":"#texture"},"east":{"uv":[0,11,15,16],"texture":"#texture"},"south":{"uv":[4,6,8,15],"texture":"#texture"},"west":{"uv":[1,7,16,12],"texture":"#texture"},"up":{"uv":[0,0,15,5],"rotation":90,"texture":"#texture"},"down":{"uv":[0,4,13,8],"rotation":270,"texture":"#texture"}}},{"name":"Box19","from":[17.75146,0,8.53193],"to":[18.16813,0.416,10.78193],"shade":false,"rotation":{"angle":-22.5,"axis":"y","origin":[23.3348,0.083,4.65693]},"faces":{"north":{"uv":[2,11,7,16],"texture":"#texture"},"east":{"uv":[0,11,15,16],"texture":"#texture"},"south":{"uv":[4,6,8,15],"texture":"#texture"},"west":{"uv":[1,7,16,12],"texture":"#texture"},"up":{"uv":[0,0,15,5],"rotation":90,"texture":"#texture"},"down":{"uv":[0,4,13,8],"rotation":270,"texture":"#texture"}}},{"name":"Box10","from":[13.99167,0,8.70834],"to":[15.65834,1.66667,15.70834],"shade":false,"rotation":{"angle":0,"axis":"y","origin":[8.2,0.33333,10.20834]},"faces":{"north":{"uv":[2,11,7,16],"texture":"#texture"},"east":{"uv":[0,11,15,16],"texture":"#texture"},"south":{"uv":[4,6,8,15],"texture":"#texture"},"west":{"uv":[1,7,16,12],"texture":"#texture"},"up":{"uv":[0,0,15,5],"rotation":90,"texture":"#texture"},"down":{"uv":[0,4,13,8],"rotation":270,"texture":"#texture"}}},{"name":"Box11","from":[13.88653,0,1.55202],"to":[15.5532,1.416,8.55202],"shade":false,"rotation":{"angle":0,"axis":"y","origin":[6.14487,0.333,7.05202]},"faces":{"north":{"uv":[2,11,7,16],"texture":"#texture"},"east":{"uv":[0,11,15,16],"texture":"#texture"},"south":{"uv":[4,6,8,15],"texture":"#texture"},"west":{"uv":[1,7,16,12],"texture":"#texture"},"up":{"uv":[0,0,15,5],"rotation":90,"texture":"#texture"},"down":{"uv":[0,4,13,8],"rotation":270,"texture":"#texture"}}},{"name":"Box11","from":[11.49167,0,8.70834],"to":[13.15834,1.66667,15.70834],"shade":false,"rotation":{"angle":0,"axis":"y","origin":[8.2,0.33333,10.20834]},"faces":{"north":{"uv":[2,11,7,16],"texture":"#texture"},"east":{"uv":[0,11,15,16],"texture":"#texture"},"south":{"uv":[4,6,8,15],"texture":"#texture"},"west":{"uv":[1,7,16,12],"texture":"#texture"},"up":{"uv":[0,0,15,5],"rotation":90,"texture":"#texture"},"down":{"uv":[0,4,13,8],"rotation":270,"texture":"#texture"}}},{"name":"Box12","from":[11.88653,0,1.55202],"to":[13.5532,1.416,8.55202],"shade":false,"rotation":{"angle":0,"axis":"y","origin":[6.14487,0.333,7.05202]},"faces":{"north":{"uv":[2,11,7,16],"texture":"#texture"},"east":{"uv":[0,11,15,16],"texture":"#texture"},"south":{"uv":[4,6,8,15],"texture":"#texture"},"west":{"uv":[1,7,16,12],"texture":"#texture"},"up":{"uv":[0,0,15,5],"rotation":90,"texture":"#texture"},"down":{"uv":[0,4,13,8],"rotation":270,"texture":"#texture"}}},{"name":"Box12","from":[9.49167,0,8.70834],"to":[11.15834,1.66667,15.70834],"shade":false,"rotation":{"angle":0,"axis":"y","origin":[8.2,0.33333,10.20834]},"faces":{"north":{"uv":[2,11,7,16],"texture":"#texture"},"east":{"uv":[0,11,15,16],"texture":"#texture"},"south":{"uv":[4,6,8,15],"texture":"#texture"},"west":{"uv":[1,7,16,12],"texture":"#texture"},"up":{"uv":[0,0,15,5],"rotation":90,"texture":"#texture"},"down":{"uv":[0,4,13,8],"rotation":270,"texture":"#texture"}}},{"name":"Box13","from":[9.63653,0,1.55202],"to":[11.3032,1.416,8.55202],"shade":false,"rotation":{"angle":0,"axis":"y","origin":[6.14487,0.333,7.05202]},"faces":{"north":{"uv":[2,11,7,16],"texture":"#texture"},"east":{"uv":[0,11,15,16],"texture":"#texture"},"south":{"uv":[4,6,8,15],"texture":"#texture"},"west":{"uv":[1,7,16,12],"texture":"#texture"},"up":{"uv":[0,0,15,5],"rotation":90,"texture":"#texture"},"down":{"uv":[0,4,13,8],"rotation":270,"texture":"#texture"}}},{"name":"Box13","from":[7.49167,0,8.70834],"to":[9.15834,1.66667,15.70834],"shade":false,"rotation":{"angle":0,"axis":"y","origin":[8.2,0.33333,10.20834]},"faces":{"north":{"uv":[2,11,7,16],"texture":"#texture"},"east":{"uv":[0,11,15,16],"texture":"#texture"},"south":{"uv":[4,6,8,15],"texture":"#texture"},"west":{"uv":[1,7,16,12],"texture":"#texture"},"up":{"uv":[0,0,15,5],"rotation":90,"texture":"#texture"},"down":{"uv":[0,4,13,8],"rotation":270,"texture":"#texture"}}},{"name":"Box14","from":[7.63653,0,1.55202],"to":[9.3032,1.416,8.55202],"shade":false,"rotation":{"angle":0,"axis":"y","origin":[6.14487,0.333,7.05202]},"faces":{"north":{"uv":[2,11,7,16],"texture":"#texture"},"east":{"uv":[0,11,15,16],"texture":"#texture"},"south":{"uv":[4,6,8,15],"texture":"#texture"},"west":{"uv":[1,7,16,12],"texture":"#texture"},"up":{"uv":[0,0,15,5],"rotation":90,"texture":"#texture"},"down":{"uv":[0,4,13,8],"rotation":270,"texture":"#texture"}}},{"name":"Box14","from":[5.49167,0,8.70834],"to":[7.15834,1.66667,15.70834],"shade":false,"rotation":{"angle":0,"axis":"y","origin":[8.2,0.33333,10.20834]},"faces":{"north":{"uv":[2,11,7,16],"texture":"#texture"},"east":{"uv":[0,11,15,16],"texture":"#texture"},"south":{"uv":[4,6,8,15],"texture":"#texture"},"west":{"uv":[1,7,16,12],"texture":"#texture"},"up":{"uv":[0,0,15,5],"rotation":90,"texture":"#texture"},"down":{"uv":[0,4,13,8],"rotation":270,"texture":"#texture"}}},{"name":"Box15","from":[5.63653,0,1.55202],"to":[7.3032,1.416,8.55202],"shade":false,"rotation":{"angle":0,"axis":"y","origin":[6.14487,0.333,7.05202]},"faces":{"north":{"uv":[2,11,7,16],"texture":"#texture"},"east":{"uv":[0,11,15,16],"texture":"#texture"},"south":{"uv":[4,6,8,15],"texture":"#texture"},"west":{"uv":[1,7,16,12],"texture":"#texture"},"up":{"uv":[0,0,15,5],"rotation":90,"texture":"#texture"},"down":{"uv":[0,4,13,8],"rotation":270,"texture":"#texture"}}},{"name":"Box15","from":[3.24167,0,8.70834],"to":[4.90834,1.66667,15.70834],"shade":false,"rotation":{"angle":0,"axis":"y","origin":[8.2,0.33333,10.20834]},"faces":{"north":{"uv":[2,11,7,16],"texture":"#texture"},"east":{"uv":[0,11,15,16],"texture":"#texture"},"south":{"uv":[4,6,8,15],"texture":"#texture"},"west":{"uv":[1,7,16,12],"texture":"#texture"},"up":{"uv":[0,0,15,5],"rotation":90,"texture":"#texture"},"down":{"uv":[0,4,13,8],"rotation":270,"texture":"#texture"}}},{"name":"Box16","from":[3.38653,0,1.55202],"to":[5.0532,1.416,8.55202],"shade":false,"rotation":{"angle":0,"axis":"y","origin":[6.14487,0.333,7.05202]},"faces":{"north":{"uv":[2,11,7,16],"texture":"#texture"},"east":{"uv":[0,11,15,16],"texture":"#texture"},"south":{"uv":[4,6,8,15],"texture":"#texture"},"west":{"uv":[1,7,16,12],"texture":"#texture"},"up":{"uv":[0,0,15,5],"rotation":90,"texture":"#texture"},"down":{"uv":[0,4,13,8],"rotation":270,"texture":"#texture"}}},{"name":"Box16","from":[0.74167,0,8.70834],"to":[2.40834,1.66667,15.70834],"shade":false,"rotation":{"angle":0,"axis":"y","origin":[8.2,0.33333,10.20834]},"faces":{"north":{"uv":[2,11,7,16],"texture":"#texture"},"east":{"uv":[0,11,15,16],"texture":"#texture"},"south":{"uv":[4,6,8,15],"texture":"#texture"},"west":{"uv":[1,7,16,12],"texture":"#texture"},"up":{"uv":[0,0,15,5],"rotation":90,"texture":"#texture"},"down":{"uv":[0,4,13,8],"rotation":270,"texture":"#texture"}}},{"name":"Box17","from":[0.88653,0,1.55202],"to":[2.5532,1.416,8.55202],"shade":false,"rotation":{"angle":0,"axis":"y","origin":[6.14487,0.333,7.05202]},"faces":{"north":{"uv":[2,11,7,16],"texture":"#texture"},"east":{"uv":[0,11,15,16],"texture":"#texture"},"south":{"uv":[4,6,8,15],"texture":"#texture"},"west":{"uv":[1,7,16,12],"texture":"#texture"},"up":{"uv":[0,0,15,5],"rotation":90,"texture":"#texture"},"down":{"uv":[0,4,13,8],"rotation":270,"texture":"#texture"}}},{"name":"Box17","from":[1.99167,1.75,8.70834],"to":[3.65834,3.41667,15.70834],"shade":false,"rotation":{"angle":0,"axis":"y","origin":[8.2,0.33333,10.20834]},"faces":{"north":{"uv":[2,11,7,16],"texture":"#texture"},"east":{"uv":[0,11,15,16],"texture":"#texture"},"south":{"uv":[4,6,8,15],"texture":"#texture"},"west":{"uv":[1,7,16,12],"texture":"#texture"},"up":{"uv":[0,0,15,5],"rotation":90,"texture":"#texture"},"down":{"uv":[0,4,13,8],"rotation":270,"texture":"#texture"}}},{"name":"Box18","from":[2.13653,1.5,1.55202],"to":[3.8032,2.916,8.55202],"shade":false,"rotation":{"angle":0,"axis":"y","origin":[6.14487,0.333,7.05202]},"faces":{"north":{"uv":[2,11,7,16],"texture":"#texture"},"east":{"uv":[0,11,15,16],"texture":"#texture"},"south":{"uv":[4,6,8,15],"texture":"#texture"},"west":{"uv":[1,7,16,12],"texture":"#texture"},"up":{"uv":[0,0,15,5],"rotation":90,"texture":"#texture"},"down":{"uv":[0,4,13,8],"rotation":270,"texture":"#texture"}}},{"name":"Box18","from":[4.49167,1.75,8.70834],"to":[6.15834,3.41667,15.70834],"shade":false,"rotation":{"angle":0,"axis":"y","origin":[8.2,0.33333,10.20834]},"faces":{"north":{"uv":[2,11,7,16],"texture":"#texture"},"east":{"uv":[0,11,15,16],"texture":"#texture"},"south":{"uv":[4,6,8,15],"texture":"#texture"},"west":{"uv":[1,7,16,12],"texture":"#texture"},"up":{"uv":[0,0,15,5],"rotation":90,"texture":"#texture"},"down":{"uv":[0,4,13,8],"rotation":270,"texture":"#texture"}}},{"name":"Box19","from":[4.63653,1.5,1.55202],"to":[6.3032,2.916,8.55202],"shade":false,"rotation":{"angle":0,"axis":"y","origin":[6.14487,0.333,7.05202]},"faces":{"north":{"uv":[2,11,7,16],"texture":"#texture"},"east":{"uv":[0,11,15,16],"texture":"#texture"},"south":{"uv":[4,6,8,15],"texture":"#texture"},"west":{"uv":[1,7,16,12],"texture":"#texture"},"up":{"uv":[0,0,15,5],"rotation":90,"texture":"#texture"},"down":{"uv":[0,4,13,8],"rotation":270,"texture":"#texture"}}},{"name":"Box19","from":[6.74167,1.75,8.70834],"to":[8.40834,3.41667,15.70834],"shade":false,"rotation":{"angle":0,"axis":"y","origin":[8.2,0.33333,10.20834]},"faces":{"north":{"uv":[2,11,7,16],"texture":"#texture"},"east":{"uv":[0,11,15,16],"texture":"#texture"},"south":{"uv":[4,6,8,15],"texture":"#texture"},"west":{"uv":[1,7,16,12],"texture":"#texture"},"up":{"uv":[0,0,15,5],"rotation":90,"texture":"#texture"},"down":{"uv":[0,4,13,8],"rotation":270,"texture":"#texture"}}},{"name":"Box20","from":[6.88653,1.5,1.55202],"to":[8.5532,2.916,8.55202],"shade":false,"rotation":{"angle":0,"axis":"y","origin":[6.14487,0.333,7.05202]},"faces":{"north":{"uv":[2,11,7,16],"texture":"#texture"},"east":{"uv":[0,11,15,16],"texture":"#texture"},"south":{"uv":[4,6,8,15],"texture":"#texture"},"west":{"uv":[1,7,16,12],"texture":"#texture"},"up":{"uv":[0,0,15,5],"rotation":90,"texture":"#texture"},"down":{"uv":[0,4,13,8],"rotation":270,"texture":"#texture"}}},{"name":"Box20","from":[8.99167,1.75,8.70834],"to":[10.65834,3.41667,15.70834],"shade":false,"rotation":{"angle":0,"axis":"y","origin":[8.2,0.33333,10.20834]},"faces":{"north":{"uv":[2,11,7,16],"texture":"#texture"},"east":{"uv":[0,11,15,16],"texture":"#texture"},"south":{"uv":[4,6,8,15],"texture":"#texture"},"west":{"uv":[1,7,16,12],"texture":"#texture"},"up":{"uv":[0,0,15,5],"rotation":90,"texture":"#texture"},"down":{"uv":[0,4,13,8],"rotation":270,"texture":"#texture"}}},{"name":"Box21","from":[9.13653,1.5,1.55202],"to":[10.8032,2.916,8.55202],"shade":false,"rotation":{"angle":0,"axis":"y","origin":[6.14487,0.333,7.05202]},"faces":{"north":{"uv":[2,11,7,16],"texture":"#texture"},"east":{"uv":[0,11,15,16],"texture":"#texture"},"south":{"uv":[4,6,8,15],"texture":"#texture"},"west":{"uv":[1,7,16,12],"texture":"#texture"},"up":{"uv":[0,0,15,5],"rotation":90,"texture":"#texture"},"down":{"uv":[0,4,13,8],"rotation":270,"texture":"#texture"}}},{"name":"Box21","from":[10.99167,1.75,8.70834],"to":[12.65834,3.41667,15.70834],"shade":false,"rotation":{"angle":0,"axis":"y","origin":[8.2,0.33333,10.20834]},"faces":{"north":{"uv":[2,11,7,16],"texture":"#texture"},"east":{"uv":[0,11,15,16],"texture":"#texture"},"south":{"uv":[4,6,8,15],"texture":"#texture"},"west":{"uv":[1,7,16,12],"texture":"#texture"},"up":{"uv":[0,0,15,5],"rotation":90,"texture":"#texture"},"down":{"uv":[0,4,13,8],"rotation":270,"texture":"#texture"}}},{"name":"Box22","from":[11.13653,1.5,1.55202],"to":[12.8032,2.916,8.55202],"shade":false,"rotation":{"angle":0,"axis":"y","origin":[6.14487,0.333,7.05202]},"faces":{"north":{"uv":[2,11,7,16],"texture":"#texture"},"east":{"uv":[0,11,15,16],"texture":"#texture"},"south":{"uv":[4,6,8,15],"texture":"#texture"},"west":{"uv":[1,7,16,12],"texture":"#texture"},"up":{"uv":[0,0,15,5],"rotation":90,"texture":"#texture"},"down":{"uv":[0,4,13,8],"rotation":270,"texture":"#texture"}}},{"name":"Box22","from":[12.99167,1.75,8.70834],"to":[14.65834,3.41667,15.70834],"shade":false,"rotation":{"angle":0,"axis":"y","origin":[8.2,0.33333,10.20834]},"faces":{"north":{"uv":[2,11,7,16],"texture":"#texture"},"east":{"uv":[0,11,15,16],"texture":"#texture"},"south":{"uv":[4,6,8,15],"texture":"#texture"},"west":{"uv":[1,7,16,12],"texture":"#texture"},"up":{"uv":[0,0,15,5],"rotation":90,"texture":"#texture"},"down":{"uv":[0,4,13,8],"rotation":270,"texture":"#texture"}}},{"name":"Box23","from":[13.13653,1.5,1.55202],"to":[14.8032,2.916,8.55202],"shade":false,"rotation":{"angle":0,"axis":"y","origin":[6.14487,0.333,7.05202]},"faces":{"north":{"uv":[2,11,7,16],"texture":"#texture"},"east":{"uv":[0,11,15,16],"texture":"#texture"},"south":{"uv":[4,6,8,15],"texture":"#texture"},"west":{"uv":[1,7,16,12],"texture":"#texture"},"up":{"uv":[0,0,15,5],"rotation":90,"texture":"#texture"},"down":{"uv":[0,4,13,8],"rotation":270,"texture":"#texture"}}},{"name":"Box23","from":[11.99167,3.25,8.70834],"to":[13.65834,4.91667,15.70834],"shade":false,"rotation":{"angle":0,"axis":"y","origin":[8.2,0.33333,10.20834]},"faces":{"north":{"uv":[2,11,7,16],"texture":"#texture"},"east":{"uv":[0,11,15,16],"texture":"#texture"},"south":{"uv":[4,6,8,15],"texture":"#texture"},"west":{"uv":[1,7,16,12],"texture":"#texture"},"up":{"uv":[0,0,15,5],"rotation":90,"texture":"#texture"},"down":{"uv":[0,4,13,8],"rotation":270,"texture":"#texture"}}},{"name":"Box24","from":[12.13653,3,1.55202],"to":[13.8032,4.416,8.55202],"shade":false,"rotation":{"angle":0,"axis":"y","origin":[6.14487,0.333,7.05202]},"faces":{"north":{"uv":[2,11,7,16],"texture":"#texture"},"east":{"uv":[0,11,15,16],"texture":"#texture"},"south":{"uv":[4,6,8,15],"texture":"#texture"},"west":{"uv":[1,7,16,12],"texture":"#texture"},"up":{"uv":[0,0,15,5],"rotation":90,"texture":"#texture"},"down":{"uv":[0,4,13,8],"rotation":270,"texture":"#texture"}}},{"name":"Box24","from":[9.99167,3.25,8.70834],"to":[11.65834,4.91667,15.70834],"shade":false,"rotation":{"angle":0,"axis":"y","origin":[8.2,0.33333,10.20834]},"faces":{"north":{"uv":[2,11,7,16],"texture":"#texture"},"east":{"uv":[0,11,15,16],"texture":"#texture"},"south":{"uv":[4,6,8,15],"texture":"#texture"},"west":{"uv":[1,7,16,12],"texture":"#texture"},"up":{"uv":[0,0,15,5],"rotation":90,"texture":"#texture"},"down":{"uv":[0,4,13,8],"rotation":270,"texture":"#texture"}}},{"name":"Box25","from":[10.13653,3,1.55202],"to":[11.8032,4.416,8.55202],"shade":false,"rotation":{"angle":0,"axis":"y","origin":[6.14487,0.333,7.05202]},"faces":{"north":{"uv":[2,11,7,16],"texture":"#texture"},"east":{"uv":[0,11,15,16],"texture":"#texture"},"south":{"uv":[4,6,8,15],"texture":"#texture"},"west":{"uv":[1,7,16,12],"texture":"#texture"},"up":{"uv":[0,0,15,5],"rotation":90,"texture":"#texture"},"down":{"uv":[0,4,13,8],"rotation":270,"texture":"#texture"}}},{"name":"Box25","from":[7.74167,3.25,8.70834],"to":[9.40834,4.91667,15.70834],"shade":false,"rotation":{"angle":0,"axis":"y","origin":[8.2,0.33333,10.20834]},"faces":{"north":{"uv":[2,11,7,16],"texture":"#texture"},"east":{"uv":[0,11,15,16],"texture":"#texture"},"south":{"uv":[4,6,8,15],"texture":"#texture"},"west":{"uv":[1,7,16,12],"texture":"#texture"},"up":{"uv":[0,0,15,5],"rotation":90,"texture":"#texture"},"down":{"uv":[0,4,13,8],"rotation":270,"texture":"#texture"}}},{"name":"Box26","from":[7.88653,3,1.55202],"to":[9.5532,4.416,8.55202],"shade":false,"rotation":{"angle":0,"axis":"y","origin":[6.14487,0.333,7.05202]},"faces":{"north":{"uv":[2,11,7,16],"texture":"#texture"},"east":{"uv":[0,11,15,16],"texture":"#texture"},"south":{"uv":[4,6,8,15],"texture":"#texture"},"west":{"uv":[1,7,16,12],"texture":"#texture"},"up":{"uv":[0,0,15,5],"rotation":90,"texture":"#texture"},"down":{"uv":[0,4,13,8],"rotation":270,"texture":"#texture"}}},{"name":"Box26","from":[5.49167,3.25,8.70834],"to":[7.15834,4.91667,15.70834],"shade":false,"rotation":{"angle":0,"axis":"y","origin":[8.2,0.33333,10.20834]},"faces":{"north":{"uv":[2,11,7,16],"texture":"#texture"},"east":{"uv":[0,11,15,16],"texture":"#texture"},"south":{"uv":[4,6,8,15],"texture":"#texture"},"west":{"uv":[1,7,16,12],"texture":"#texture"},"up":{"uv":[0,0,15,5],"rotation":90,"texture":"#texture"},"down":{"uv":[0,4,13,8],"rotation":270,"texture":"#texture"}}},{"name":"Box27","from":[5.63653,3,1.55202],"to":[7.3032,4.416,8.55202],"shade":false,"rotation":{"angle":0,"axis":"y","origin":[6.14487,0.333,7.05202]},"faces":{"north":{"uv":[2,11,7,16],"texture":"#texture"},"east":{"uv":[0,11,15,16],"texture":"#texture"},"south":{"uv":[4,6,8,15],"texture":"#texture"},"west":{"uv":[1,7,16,12],"texture":"#texture"},"up":{"uv":[0,0,15,5],"rotation":90,"texture":"#texture"},"down":{"uv":[0,4,13,8],"rotation":270,"texture":"#texture"}}},{"name":"Box27","from":[3.24167,3.25,8.70834],"to":[4.90834,4.91667,15.70834],"shade":false,"rotation":{"angle":0,"axis":"y","origin":[8.2,0.33333,10.20834]},"faces":{"north":{"uv":[2,11,7,16],"texture":"#texture"},"east":{"uv":[0,11,15,16],"texture":"#texture"},"south":{"uv":[4,6,8,15],"texture":"#texture"},"west":{"uv":[1,7,16,12],"texture":"#texture"},"up":{"uv":[0,0,15,5],"rotation":90,"texture":"#texture"},"down":{"uv":[0,4,13,8],"rotation":270,"texture":"#texture"}}},{"name":"Box28","from":[3.38653,3,1.55202],"to":[5.0532,4.416,8.55202],"shade":false,"rotation":{"angle":0,"axis":"y","origin":[6.14487,0.333,7.05202]},"faces":{"north":{"uv":[2,11,7,16],"texture":"#texture"},"east":{"uv":[0,11,15,16],"texture":"#texture"},"south":{"uv":[4,6,8,15],"texture":"#texture"},"west":{"uv":[1,7,16,12],"texture":"#texture"},"up":{"uv":[0,0,15,5],"rotation":90,"texture":"#texture"},"down":{"uv":[0,4,13,8],"rotation":270,"texture":"#texture"}}}],"display":{"thirdperson_righthand":{"rotation":[75,45,0],"translation":[0,2.5,0],"scale":[0.375,0.375,0.375]},"thirdperson_lefthand":{"rotation":[75,45,0],"translation":[0,2.5,0],"scale":[0.375,0.375,0.375]},"firstperson_righthand":{"rotation":[0,45,0],"scale":[0.4,0.4,0.4]},"firstperson_lefthand":{"rotation":[0,225,0],"scale":[0.4,0.4,0.4]},"ground":{"translation":[0,3,0],"scale":[0.25,0.25,0.25]},"gui":{"rotation":[30,225,0],"scale":[0.625,0.625,0.625]},"head":{"translation":[0,-4.5,0],"scale":[3.5,3.5,3.5]},"fixed":{"scale":[0.5,0.5,0.5]}},"groups":[0,1,2,3,4,5,6,7,{"name":"pile","origin":[6.14487,0.333,7.05202],"children":[8,9]},{"name":"pile","origin":[6.14487,0.333,7.05202],"children":[10,11]},{"name":"pile","origin":[6.14487,0.333,7.05202],"children":[12,13]},{"name":"pile","origin":[6.14487,0.333,7.05202],"children":[14,15]},{"name":"pile","origin":[6.14487,0.333,7.05202],"children":[16,17]},{"name":"pile","origin":[6.14487,0.333,7.05202],"children":[18,19]},{"name":"pile","origin":[6.14487,0.333,7.05202],"children":[20,21]},{"name":"pile","origin":[6.14487,0.333,7.05202],"children":[22,23]},{"name":"pile","origin":[6.14487,0.333,7.05202],"children":[24,25]},{"name":"pile","origin":[6.14487,0.333,7.05202],"children":[26,27]},{"name":"pile","origin":[6.14487,0.333,7.05202],"children":[28,29]},{"name":"pile","origin":[6.14487,0.333,7.05202],"children":[30,31]},{"name":"pile","origin":[6.14487,0.333,7.05202],"children":[32,33]},{"name":"pile","origin":[6.14487,0.333,7.05202],"children":[34,35]},{"name":"pile","origin":[6.14487,0.333,7.05202],"children":[36,37]},{"name":"pile","origin":[6.14487,0.333,7.05202],"children":[38,39]},{"name":"pile","origin":[6.14487,0.333,7.05202],"children":[40,41]},{"name":"pile","origin":[6.14487,0.333,7.05202],"children":[42,43]}]}