{"credit":"Made with Blockbench","textures":{"0":"creaturesplus:mob/overgrowth","1":"creaturesplus:mob/brush_stooge/stooge_skin"},"elements":[{"name":"head","from":[6,2,0],"to":[10,6,4],"faces":{"north":{"uv":[13,13,16,16],"texture":"#1","tintindex":0},"east":{"uv":[8.5,5.5,10.5,7.5],"texture":"#1","tintindex":0},"south":{"uv":[0,0,4.57143,3.42857],"texture":"#1","tintindex":0},"west":{"uv":[13.5,5,15.5,7],"texture":"#1","tintindex":0},"up":{"uv":[4,1,6,3],"texture":"#1","tintindex":0},"down":{"uv":[13.5,8,15.5,6],"texture":"#1","tintindex":0}}},{"name":"body","from":[5,2,4],"to":[11,7,12],"faces":{"north":{"uv":[9,2.5,12,0],"texture":"#1","tintindex":0},"east":{"uv":[9,5.5,13,8],"texture":"#1","tintindex":0},"south":{"uv":[9,2.5,12,0],"texture":"#1","tintindex":0},"west":{"uv":[10,6,14,8],"texture":"#1","tintindex":0},"up":{"uv":[2.5,2,5.5,6],"texture":"#1","tintindex":0},"down":{"uv":[2.5,10,5.5,14],"texture":"#1","tintindex":0}}},{"from":[7.26571,13.00959,10.25614],"to":[8.76571,14.25959,13.75614],"rotation":{"angle":22.5,"axis":"x","origin":[8,4.5,13]},"faces":{"north":{"uv":[0,0,4.57143,3.42857],"rotation":180,"texture":"#1","tintindex":0},"east":{"uv":[0,0,4.57143,3.42857],"rotation":180,"texture":"#1","tintindex":0},"south":{"uv":[0,0,4.57143,3.42857],"rotation":180,"texture":"#1","tintindex":0},"west":{"uv":[0,0,4.571,3.429],"rotation":180,"texture":"#1","tintindex":0},"up":{"uv":[0,0,4.57143,4.57143],"texture":"#1","tintindex":0},"down":{"uv":[0,0,4.57143,4.57143],"texture":"#1","tintindex":0}}},{"from":[7.01571,7.74386,18.50959],"to":[9.01571,11.24386,20.75959],"rotation":{"angle":-22.5,"axis":"x","origin":[8,4.5,13]},"faces":{"north":{"uv":[0,0,4.57143,4.57143],"rotation":180,"texture":"#1","tintindex":0},"east":{"uv":[0,0,4.57143,3.42857],"rotation":90,"texture":"#1","tintindex":0},"south":{"uv":[0,0,4.57143,4.57143],"texture":"#1","tintindex":0},"west":{"uv":[0,0,4.571,3.429],"rotation":270,"texture":"#1","tintindex":0},"up":{"uv":[0,0,4.57143,3.42857],"texture":"#1","tintindex":0},"down":{"uv":[0,0,4.57143,3.42857],"rotation":180,"texture":"#1","tintindex":0}}},{"from":[6.76571,8.74386,16.25959],"to":[9.26571,11.24386,19.00959],"faces":{"north":{"uv":[0,0,4.57143,4.57143],"rotation":180,"texture":"#1","tintindex":0},"east":{"uv":[0,0,4.57143,3.42857],"rotation":90,"texture":"#1","tintindex":0},"south":{"uv":[0,0,4.57143,4.57143],"texture":"#1","tintindex":0},"west":{"uv":[0,0,4.571,3.429],"rotation":270,"texture":"#1","tintindex":0},"up":{"uv":[0,0,4.57143,3.42857],"texture":"#1","tintindex":0},"down":{"uv":[0,0,4.57143,3.42857],"rotation":180,"texture":"#1","tintindex":0}}},{"from":[6.51571,8.24386,13.75959],"to":[9.51571,10.74386,17.00959],"rotation":{"angle":22.5,"axis":"x","origin":[8,4.5,13]},"faces":{"north":{"uv":[0,0,4.57143,4.57143],"rotation":180,"texture":"#1","tintindex":0},"east":{"uv":[0,0,4.57143,3.42857],"rotation":90,"texture":"#1","tintindex":0},"south":{"uv":[0,0,4.57143,4.57143],"texture":"#1","tintindex":0},"west":{"uv":[0,0,4.571,3.429],"rotation":270,"texture":"#1","tintindex":0},"up":{"uv":[0,0,4.57143,3.42857],"texture":"#1","tintindex":0},"down":{"uv":[0,0,4.57143,3.42857],"rotation":180,"texture":"#1","tintindex":0}}},{"from":[6.26571,2.24041,13.99386],"to":[9.76571,5.74041,17.99386],"rotation":{"angle":-45,"axis":"x","origin":[8,4.5,13]},"faces":{"north":{"uv":[0,0,4.57143,3.42857],"texture":"#1","tintindex":0},"east":{"uv":[0,0,4,3.5],"texture":"#1","tintindex":0},"south":{"uv":[0,0,4.57143,3.42857],"texture":"#1","tintindex":0},"west":{"uv":[0,0,4,3.5],"texture":"#1","tintindex":0},"up":{"uv":[0,0,3.5,4],"texture":"#1","tintindex":0},"down":{"uv":[0,0,1.75,2],"texture":"#1","tintindex":0}}},{"from":[6.01571,2.74041,10.99386],"to":[10.01571,6.74041,14.99386],"rotation":{"angle":-22.5,"axis":"x","origin":[8,4.5,13]},"faces":{"north":{"uv":[0,0,2,2],"texture":"#1","tintindex":0},"east":{"uv":[14,5,16,7],"texture":"#1","tintindex":0},"south":{"uv":[0,0,2,2],"texture":"#1","tintindex":0},"west":{"uv":[8,6,10,8],"texture":"#1","tintindex":0},"up":{"uv":[1.5,1,3.5,3],"texture":"#1","tintindex":0},"down":{"uv":[10,6,12,8],"texture":"#1","tintindex":0}}},{"name":"plant","from":[10,6,9],"to":[10,10,13],"faces":{"north":{"uv":[14.25,10.5,15.5,11.75],"texture":"#0","tintindex":0},"east":{"uv":[14.25,11.75,15.5,10.5],"texture":"#0","tintindex":0},"south":{"uv":[14.25,10.5,15.5,11.75],"texture":"#0","tintindex":0},"west":{"uv":[15.5,11.75,14.25,10.5],"texture":"#0","tintindex":0},"up":{"uv":[14.25,10.5,15.5,11.75],"rotation":270,"texture":"#0","tintindex":0},"down":{"uv":[14.25,10.5,15.5,11.75],"rotation":90,"texture":"#0","tintindex":0}}},{"name":"plant","from":[8,6,11],"to":[12,10,11],"faces":{"north":{"uv":[15.5,11.75,14.25,10.5],"texture":"#0","tintindex":0},"east":{"uv":[14.25,10.5,15.5,11.75],"texture":"#0","tintindex":0},"south":{"uv":[14.25,11.75,15.5,10.5],"texture":"#0","tintindex":0},"west":{"uv":[14.25,10.5,15.5,11.75],"texture":"#0","tintindex":0},"up":{"uv":[14.25,10.5,15.5,11.75],"texture":"#0","tintindex":0},"down":{"uv":[14.25,10.5,15.5,11.75],"texture":"#0","tintindex":0}}},{"name":"plant","from":[9.5,5,1],"to":[9.5,8,4],"faces":{"north":{"uv":[14.25,10.5,15.5,11.75],"texture":"#0","tintindex":0},"east":{"uv":[14.25,11.75,15.5,10.5],"texture":"#0","tintindex":0},"south":{"uv":[14.25,10.5,15.5,11.75],"texture":"#0","tintindex":0},"west":{"uv":[15.5,11.75,14.25,10.5],"texture":"#0","tintindex":0},"up":{"uv":[14.25,10.5,15.5,11.75],"rotation":270,"texture":"#0","tintindex":0},"down":{"uv":[14.25,10.5,15.5,11.75],"rotation":90,"texture":"#0","tintindex":0}}},{"name":"plant","from":[8,5,2.5],"to":[11,8,2.5],"faces":{"north":{"uv":[15.5,11.75,14.25,10.5],"texture":"#0","tintindex":0},"east":{"uv":[14.25,10.5,15.5,11.75],"texture":"#0","tintindex":0},"south":{"uv":[14.25,11.75,15.5,10.5],"texture":"#0","tintindex":0},"west":{"uv":[14.25,10.5,15.5,11.75],"texture":"#0","tintindex":0},"up":{"uv":[14.25,10.5,15.5,11.75],"texture":"#0","tintindex":0},"down":{"uv":[14.25,10.5,15.5,11.75],"texture":"#0","tintindex":0}}},{"name":"plant","from":[11.25,10,18.5],"to":[15.25,14,18.5],"rotation":{"angle":-45,"axis":"y","origin":[10,8,11]},"faces":{"north":{"uv":[15.5,11.75,14.25,10.5],"texture":"#0","tintindex":0},"east":{"uv":[14.25,10.5,15.5,11.75],"texture":"#0","tintindex":0},"south":{"uv":[14.25,11.75,15.5,10.5],"texture":"#0","tintindex":0},"west":{"uv":[14.25,10.5,15.5,11.75],"texture":"#0","tintindex":0},"up":{"uv":[14.25,10.5,15.5,11.75],"texture":"#0","tintindex":0},"down":{"uv":[14.25,10.5,15.5,11.75],"texture":"#0","tintindex":0}}},{"name":"plant","from":[0.5,10,14.25],"to":[4.5,14,14.25],"rotation":{"angle":45,"axis":"y","origin":[10,8,11]},"faces":{"north":{"uv":[15.5,11.75,14.25,10.5],"texture":"#0","tintindex":0},"east":{"uv":[14.25,10.5,15.5,11.75],"texture":"#0","tintindex":0},"south":{"uv":[14.25,11.75,15.5,10.5],"texture":"#0","tintindex":0},"west":{"uv":[14.25,10.5,15.5,11.75],"texture":"#0","tintindex":0},"up":{"uv":[14.25,10.5,15.5,11.75],"texture":"#0","tintindex":0},"down":{"uv":[14.25,10.5,15.5,11.75],"texture":"#0","tintindex":0}}},{"name":"red mushroom","from":[4.1453,6.25069,8.504],"to":[5.1453,7.75069,9.504],"rotation":{"angle":22.5,"axis":"z","origin":[5.14574,8.18819,11.00356]},"faces":{"north":{"uv":[10.75,1.25,11.25,2],"texture":"#0","tintindex":0},"east":{"uv":[10.75,1.25,11.25,2],"texture":"#0","tintindex":0},"south":{"uv":[10.75,1.25,11.25,2],"texture":"#0","tintindex":0},"west":{"uv":[10.75,1.25,11.25,2],"texture":"#0","tintindex":0},"up":{"uv":[10.75,1.25,11.25,1.5],"texture":"#0","tintindex":0},"down":{"uv":[10.75,1.5,11.25,2],"texture":"#0","tintindex":0}}},{"name":"red mushroom","from":[2.6453,7.75069,7.004],"to":[6.6453,8.75069,11.004],"rotation":{"angle":22.5,"axis":"z","origin":[5.14574,8.18819,11.00356]},"faces":{"north":{"uv":[10,0.75,12,1.25],"texture":"#0","tintindex":0},"east":{"uv":[10,0.75,12,1.25],"texture":"#0","tintindex":0},"south":{"uv":[10,0.75,12,1.25],"texture":"#0","tintindex":0},"west":{"uv":[10,0.75,12,1.25],"texture":"#0","tintindex":0},"up":{"uv":[10,2,12,4],"texture":"#0","tintindex":0},"down":{"uv":[8,2,10,4],"texture":"#0","tintindex":0}}},{"name":"red mushroom","from":[3.64705,9.25069,8.00226],"to":[5.64705,9.75069,10.00226],"rotation":{"angle":22.5,"axis":"z","origin":[5.14574,8.18819,11.00356]},"faces":{"north":{"uv":[10.5,0.25,11.5,0.5],"texture":"#0","tintindex":0},"east":{"uv":[11.25,0.25,11.5,0.5],"texture":"#0","tintindex":0},"south":{"uv":[10.5,0.25,11.5,0.5],"texture":"#0","tintindex":0},"west":{"uv":[10.5,0.25,11.5,0.5],"texture":"#0","tintindex":0},"up":{"uv":[10.5,2.5,11.5,3.5],"texture":"#0","tintindex":0},"down":{"uv":[10.5,0.25,11.5,0.5],"texture":"#0","tintindex":0}}},{"name":"red mushroom","from":[3.1453,8.75069,7.504],"to":[6.1453,9.25069,10.504],"rotation":{"angle":22.5,"axis":"z","origin":[5.14574,8.18819,11.00356]},"faces":{"north":{"uv":[10.25,0.5,11.75,0.75],"texture":"#0","tintindex":0},"east":{"uv":[10.25,0.5,11.75,0.75],"texture":"#0","tintindex":0},"south":{"uv":[10.25,0.5,11.75,0.75],"texture":"#0","tintindex":0},"west":{"uv":[10.25,0.5,11.75,0.75],"texture":"#0","tintindex":0},"up":{"uv":[10.25,2.25,11.75,3.75],"texture":"#0","tintindex":0},"down":{"uv":[10.25,0.5,11.75,0.75],"texture":"#0","tintindex":0}}},{"from":[4,2,4.99998],"to":[5,4,5.99998],"rotation":{"angle":-45,"axis":"z","origin":[4.5,3,5]},"faces":{"north":{"uv":[0,0,1,2],"texture":"#1","tintindex":0},"east":{"uv":[0,0,1,2],"texture":"#1","tintindex":0},"south":{"uv":[0,0,1,2],"texture":"#1","tintindex":0},"west":{"uv":[0,0,1,2],"texture":"#1","tintindex":0},"up":{"uv":[0,0,1,1],"texture":"#1","tintindex":0},"down":{"uv":[0,0,1,1],"texture":"#1","tintindex":0}}},{"from":[3.5,-0.25,5],"to":[4.5,2.75,6],"faces":{"north":{"uv":[0,0,1,3],"texture":"#1","tintindex":0},"east":{"uv":[0,0,1,3],"texture":"#1","tintindex":0},"south":{"uv":[0,0,1,3],"texture":"#1","tintindex":0},"west":{"uv":[0,0,1,3],"texture":"#1","tintindex":0},"up":{"uv":[0,0,1,1],"texture":"#1","tintindex":0},"down":{"uv":[0,0,1,1],"texture":"#1","tintindex":0}}},{"from":[4,2,7.49998],"to":[5,4,8.49998],"rotation":{"angle":-45,"axis":"z","origin":[4.5,3,7.5]},"faces":{"north":{"uv":[0,0,1,2],"texture":"#1","tintindex":0},"east":{"uv":[0,0,1,2],"texture":"#1","tintindex":0},"south":{"uv":[0,0,1,2],"texture":"#1","tintindex":0},"west":{"uv":[0,0,1,2],"texture":"#1","tintindex":0},"up":{"uv":[0,0,1,1],"texture":"#1","tintindex":0},"down":{"uv":[0,0,1,1],"texture":"#1","tintindex":0}}},{"from":[3.5,-0.25,7.5],"to":[4.5,2.75,8.5],"faces":{"north":{"uv":[0,0,1,3],"texture":"#1","tintindex":0},"east":{"uv":[0,0,1,3],"texture":"#1","tintindex":0},"south":{"uv":[0,0,1,3],"texture":"#1","tintindex":0},"west":{"uv":[0,0,1,3],"texture":"#1","tintindex":0},"up":{"uv":[0,0,1,1],"texture":"#1","tintindex":0},"down":{"uv":[0,0,1,1],"texture":"#1","tintindex":0}}},{"from":[4,2,9.99998],"to":[5,4,10.99998],"rotation":{"angle":-45,"axis":"z","origin":[4.5,3,10]},"faces":{"north":{"uv":[0,0,1,2],"texture":"#1","tintindex":0},"east":{"uv":[0,0,1,2],"texture":"#1","tintindex":0},"south":{"uv":[0,0,1,2],"texture":"#1","tintindex":0},"west":{"uv":[0,0,1,2],"texture":"#1","tintindex":0},"up":{"uv":[0,0,1,1],"texture":"#1","tintindex":0},"down":{"uv":[0,0,1,1],"texture":"#1","tintindex":0}}},{"from":[3.5,-0.25,10],"to":[4.5,2.75,11],"faces":{"north":{"uv":[0,0,1,3],"texture":"#1","tintindex":0},"east":{"uv":[0,0,1,3],"texture":"#1","tintindex":0},"south":{"uv":[0,0,1,3],"texture":"#1","tintindex":0},"west":{"uv":[0,0,1,3],"texture":"#1","tintindex":0},"up":{"uv":[0,0,1,1],"texture":"#1","tintindex":0},"down":{"uv":[0,0,1,1],"texture":"#1","tintindex":0}}},{"from":[11.3,2.75,4.99998],"to":[12.3,4.75,5.99998],"rotation":{"angle":45,"axis":"z","origin":[12.5,3,5]},"faces":{"north":{"uv":[0,0,1,2],"texture":"#1","tintindex":0},"east":{"uv":[0,0,1,2],"rotation":180,"texture":"#1","tintindex":0},"south":{"uv":[0,0,1,2],"texture":"#1","tintindex":0},"west":{"uv":[0,0,1,2],"rotation":180,"texture":"#1","tintindex":0},"up":{"uv":[0,0,1,1],"rotation":180,"texture":"#1","tintindex":0},"down":{"uv":[0,0,1,1],"rotation":180,"texture":"#1","tintindex":0}}},{"from":[11.5,-0.25,5],"to":[12.5,2.75,6],"faces":{"north":{"uv":[0,0,1,3],"texture":"#1","tintindex":0},"east":{"uv":[0,0,1,3],"texture":"#1","tintindex":0},"south":{"uv":[0,0,1,3],"texture":"#1","tintindex":0},"west":{"uv":[0,0,1,3],"texture":"#1","tintindex":0},"up":{"uv":[0,0,1,1],"texture":"#1","tintindex":0},"down":{"uv":[0,0,1,1],"texture":"#1","tintindex":0}}},{"from":[11.3,2.75,7.49998],"to":[12.3,4.75,8.49998],"rotation":{"angle":45,"axis":"z","origin":[12.5,3,7.5]},"faces":{"north":{"uv":[0,0,1,2],"texture":"#1","tintindex":0},"east":{"uv":[0,0,1,2],"rotation":180,"texture":"#1","tintindex":0},"south":{"uv":[0,0,1,2],"texture":"#1","tintindex":0},"west":{"uv":[0,0,1,2],"rotation":180,"texture":"#1","tintindex":0},"up":{"uv":[0,0,1,1],"rotation":180,"texture":"#1","tintindex":0},"down":{"uv":[0,0,1,1],"rotation":180,"texture":"#1","tintindex":0}}},{"from":[11.5,-0.25,7.5],"to":[12.5,2.75,8.5],"faces":{"north":{"uv":[0,0,1,3],"texture":"#1","tintindex":0},"east":{"uv":[0,0,1,3],"texture":"#1","tintindex":0},"south":{"uv":[0,0,1,3],"texture":"#1","tintindex":0},"west":{"uv":[0,0,1,3],"texture":"#1","tintindex":0},"up":{"uv":[0,0,1,1],"texture":"#1","tintindex":0},"down":{"uv":[0,0,1,1],"texture":"#1","tintindex":0}}},{"from":[11.3,2.75,9.99998],"to":[12.3,4.75,10.99998],"rotation":{"angle":45,"axis":"z","origin":[12.5,3,10]},"faces":{"north":{"uv":[0,0,1,2],"texture":"#1","tintindex":0},"east":{"uv":[0,0,1,2],"rotation":180,"texture":"#1","tintindex":0},"south":{"uv":[0,0,1,2],"texture":"#1","tintindex":0},"west":{"uv":[0,0,1,2],"rotation":180,"texture":"#1","tintindex":0},"up":{"uv":[0,0,1,1],"rotation":180,"texture":"#1","tintindex":0},"down":{"uv":[0,0,1,1],"rotation":180,"texture":"#1","tintindex":0}}},{"from":[11.5,-0.25,10],"to":[12.5,2.75,11],"faces":{"north":{"uv":[0,0,1,3],"texture":"#1","tintindex":0},"east":{"uv":[0,0,1,3],"texture":"#1","tintindex":0},"south":{"uv":[0,0,1,3],"texture":"#1","tintindex":0},"west":{"uv":[0,0,1,3],"texture":"#1","tintindex":0},"up":{"uv":[0,0,1,1],"texture":"#1","tintindex":0},"down":{"uv":[0,0,1,1],"texture":"#1","tintindex":0}}},{"name":"body","from":[7,3,1],"to":[9,5,3],"faces":{"north":{"uv":[3,10,5,12],"texture":"#1","tintindex":0},"east":{"uv":[3,10,5,12],"texture":"#1","tintindex":0},"south":{"uv":[3,10,5,12],"texture":"#1","tintindex":0},"west":{"uv":[3,10,5,12],"texture":"#1","tintindex":0},"up":{"uv":[3,10,5,12],"texture":"#1","tintindex":0},"down":{"uv":[3,10,5,12],"texture":"#1","tintindex":0}}}],"display":{"thirdperson_righthand":{"rotation":[75,45,0],"translation":[0,2.5,0],"scale":[0.375,0.375,0.375]},"thirdperson_lefthand":{"rotation":[75,45,0],"translation":[0,2.5,0],"scale":[0.375,0.375,0.375]},"firstperson_righthand":{"rotation":[0,111,0],"scale":[0.4,0.4,0.4]},"firstperson_lefthand":{"rotation":[0,132,0],"scale":[0.4,0.4,0.4]},"ground":{"translation":[0,3,0],"scale":[0.25,0.25,0.25]},"gui":{"rotation":[30,225,0],"translation":[0,-2,0],"scale":[0.5,0.5,0.5]},"head":{"translation":[0,-18.25,0],"scale":[1.6,1.6,1.6]},"fixed":{"scale":[0.5,0.5,0.5]}},"groups":[0,1,{"name":"tail","origin":[8,8,8],"children":[2,3,4,5,6,7]},{"name":"plants","origin":[8,8,8],"children":[8,9,10,11,12,13,{"name":"mushroom","origin":[8,8,8],"children":[14,15,16,17]}]},{"name":"legs","origin":[8,8,8],"children":[{"name":"leg","origin":[8,8,8],"children":[18,19]},{"name":"leg2","origin":[8,8,8],"children":[20,21]},{"name":"leg3","origin":[8,8,8],"children":[22,23]},{"name":"leg4","origin":[8,8,8],"children":[24,25]},{"name":"leg5","origin":[8,8,8],"children":[26,27]},{"name":"leg6","origin":[8,8,8],"children":[28,29]}]},30]}