{"credit":"? 2021 Melion.cloud","textures":{"particle":"block/stone","texture":"block/stone"},"elements":[{"name":"Box10","from":[21.75153,15.01975,-1.00312],"to":[26.08486,17.68642,-0.00312],"shade":false,"rotation":{"angle":0,"axis":"x","origin":[6.58072,1.39063,7.88751]},"faces":{"north":{"uv":[8.66667,0,13,2.66667],"rotation":180,"texture":"#texture"},"east":{"uv":[0,15,2.66667,16],"rotation":270,"texture":"#texture"},"south":{"uv":[8.66667,13.33333,13,16],"texture":"#texture"},"west":{"uv":[13.33333,15,16,16],"rotation":90,"texture":"#texture"},"up":{"uv":[3,15,7.33333,16],"rotation":180,"texture":"#texture"},"down":{"uv":[8.66667,15,13,16],"texture":"#texture"}}},{"name":"Box10","from":[-3.25,6.52817,-1.00312],"to":[4.66667,16.19484,2.91355],"shade":false,"rotation":{"angle":0,"axis":"x","origin":[6.58072,1.39063,7.88751]},"faces":{"north":{"uv":[4,8,7.66667,10.66667],"rotation":180,"texture":"#texture"},"east":{"uv":[2,10,9,16],"rotation":270,"texture":"#texture"},"south":{"uv":[4,3,12,16],"texture":"#texture"},"west":{"uv":[0,12,12,16],"rotation":90,"texture":"#texture"},"up":{"uv":[4,13,12,16],"rotation":180,"texture":"#texture"},"down":{"uv":[4,8,14,16],"texture":"#texture"}}},{"name":"Box10","from":[16.5,7.69477,-1.00312],"to":[19.83333,10.36144,-0.66979],"shade":false,"rotation":{"angle":0,"axis":"x","origin":[6.58072,1.39063,7.88751]},"faces":{"north":{"uv":[0,2.66667,3.33333,5.33333],"rotation":180,"texture":"#texture"},"east":{"uv":[2.66667,15.66667,5.33333,16],"rotation":270,"texture":"#texture"},"south":{"uv":[0,10.66667,3.33333,13.33333],"texture":"#texture"},"west":{"uv":[10.66667,15.66667,13.33333,16],"rotation":90,"texture":"#texture"},"up":{"uv":[12.66667,15.66667,16,16],"rotation":180,"texture":"#texture"},"down":{"uv":[0,15.66667,3.33333,16],"texture":"#texture"}}},{"name":"Box10","from":[8.17792,13.80955,-1.00312],"to":[15.42792,22.55955,2.91355],"shade":false,"rotation":{"angle":-22.5,"axis":"z","origin":[11.80292,18.18455,0.95522]},"faces":{"north":{"uv":[6,5.33333,9,8.33333],"rotation":180,"texture":"#texture"},"east":{"uv":[1,5,9,11],"rotation":270,"texture":"#texture"},"south":{"uv":[7,9,16,16],"texture":"#texture"},"west":{"uv":[6,9,14,16],"rotation":90,"texture":"#texture"},"up":{"uv":[6,10,15,16],"rotation":180,"texture":"#texture"},"down":{"uv":[6,10,14,16],"texture":"#texture"}}},{"name":"Box10","from":[4.15479,1.86558,-1.00312],"to":[8.15479,4.53225,-0.33645],"shade":false,"rotation":{"angle":0,"axis":"x","origin":[6.58072,1.39063,7.88751]},"faces":{"north":{"uv":[8,8.33333,12,11],"rotation":180,"texture":"#texture"},"east":{"uv":[8.33333,15.33333,11,16],"rotation":270,"texture":"#texture"},"south":{"uv":[8,5,12,7.66667],"texture":"#texture"},"west":{"uv":[5,15.33333,7.66667,16],"rotation":90,"texture":"#texture"},"up":{"uv":[4,15.33333,8,16],"rotation":180,"texture":"#texture"},"down":{"uv":[8,15.33333,12,16],"texture":"#texture"}}},{"name":"Box10","from":[-2.21184,17.69848,-1.00312],"to":[1.12149,20.36515,-0.00312],"shade":false,"rotation":{"angle":0,"axis":"x","origin":[6.58072,1.39063,7.88751]},"faces":{"north":{"uv":[6.66667,11,10,13.66667],"rotation":180,"texture":"#texture"},"east":{"uv":[7,14,14,16],"rotation":270,"texture":"#texture"},"south":{"uv":[6.66667,2.33333,10,5],"texture":"#texture"},"west":{"uv":[2,10,12,12],"rotation":90,"texture":"#texture"},"up":{"uv":[3,14,9,16],"rotation":180,"texture":"#texture"},"down":{"uv":[7,14,14,16],"texture":"#texture"}}},{"name":"Box10","from":[-10.23026,15.36847,-1.00312],"to":[-6.89693,19.36847,0.99688],"shade":false,"rotation":{"angle":0,"axis":"x","origin":[6.58072,1.39063,7.88751]},"faces":{"north":{"uv":[5.33333,0.33333,8.33333,2.66667],"rotation":270,"texture":"#texture"},"east":{"uv":[5,13,12,16],"rotation":270,"texture":"#texture"},"south":{"uv":[5,12,13,16],"rotation":270,"texture":"#texture"},"west":{"uv":[8,13,14,16],"rotation":90,"texture":"#texture"},"up":{"uv":[1,12,6,15],"rotation":180,"texture":"#texture"},"down":{"uv":[10,12,16,16],"texture":"#texture"}}},{"name":"Box10","from":[0.06082,26.12297,-1.00312],"to":[3.06082,28.78964,-0.33645],"shade":false,"rotation":{"angle":0,"axis":"x","origin":[6.58072,1.39063,7.88751]},"faces":{"north":{"uv":[4.33333,8.33333,7.33333,11],"texture":"#texture"},"east":{"uv":[5,15.33333,7.66667,16],"rotation":270,"texture":"#texture"},"south":{"uv":[4.33333,5,7.33333,7.66667],"rotation":180,"texture":"#texture"},"west":{"uv":[8.33333,15.33333,11,16],"rotation":90,"texture":"#texture"},"up":{"uv":[4.33333,15.33333,7.33333,16],"rotation":180,"texture":"#texture"},"down":{"uv":[8.66667,15.33333,11.66667,16],"texture":"#texture"}}}],"display":{"thirdperson_righthand":{"rotation":[75,45,0],"translation":[0,2.5,0],"scale":[0.375,0.375,0.375]},"thirdperson_lefthand":{"rotation":[75,45,0],"translation":[0,2.5,0],"scale":[0.375,0.375,0.375]},"firstperson_righthand":{"rotation":[0,45,0],"scale":[0.4,0.4,0.4]},"firstperson_lefthand":{"rotation":[0,225,0],"scale":[0.4,0.4,0.4]},"ground":{"translation":[0,3,0],"scale":[0.25,0.25,0.25]},"gui":{"rotation":[30,225,0],"scale":[0.625,0.625,0.625]},"head":{"translation":[0,-16.75,0],"scale":[2,2,2]},"fixed":{"scale":[0.5,0.5,0.5]}}}