{"credit":"? 2021 Melion.cloud","textures":{"particle":"block/stone","texture":"block/stone"},"elements":[{"name":"Box10","from":[21.4167,0,3.0833],"to":[25.75003,1,5.74997],"shade":false,"rotation":{"angle":22.5,"axis":"y","origin":[10.83337,0.5,6.66664]},"faces":{"north":{"uv":[3,15,7.33333,16],"texture":"#texture"},"east":{"uv":[0,15,2.66667,16],"texture":"#texture"},"south":{"uv":[8.66667,15,13,16],"texture":"#texture"},"west":{"uv":[13.33333,15,16,16],"texture":"#texture"},"up":{"uv":[8.66667,13.33333,13,16],"texture":"#texture"},"down":{"uv":[8.66667,0,13,2.66667],"texture":"#texture"}}},{"name":"Box10","from":[-6,0,4.3333],"to":[4.66667,9.16667,15.99997],"shade":false,"faces":{"north":{"uv":[4,8,12,16],"texture":"#texture"},"east":{"uv":[2,8,15,16],"texture":"#texture"},"south":{"uv":[4,8,12,16],"texture":"#texture"},"west":{"uv":[0,8,13,16],"texture":"#texture"},"up":{"uv":[4,3,12,16],"texture":"#texture"},"down":{"uv":[4,8,7.66667,10.66667],"texture":"#texture"}}},{"name":"Box10","from":[16.5,0,12.1667],"to":[19.83333,0.33333,14.83337],"shade":false,"faces":{"north":{"uv":[12.66667,15.66667,16,16],"texture":"#texture"},"east":{"uv":[2.66667,15.66667,5.33333,16],"texture":"#texture"},"south":{"uv":[0,15.66667,3.33333,16],"texture":"#texture"},"west":{"uv":[10.66667,15.66667,13.33333,16],"texture":"#texture"},"up":{"uv":[0,10.66667,3.33333,13.33333],"texture":"#texture"},"down":{"uv":[0,2.66667,3.33333,5.33333],"texture":"#texture"}}},{"name":"Box10","from":[11.25,0,11.9167],"to":[20.5,7.41667,22.6667],"shade":false,"rotation":{"angle":-22.5,"axis":"y","origin":[9.5,0.33333,6.1667]},"faces":{"north":{"uv":[6,10,15,16],"texture":"#texture"},"east":{"uv":[1,5,9,11],"texture":"#texture"},"south":{"uv":[6,10,14,16],"texture":"#texture"},"west":{"uv":[6,9,14,16],"texture":"#texture"},"up":{"uv":[7,9,16,16],"texture":"#texture"},"down":{"uv":[6,5.33333,9,8.33333],"texture":"#texture"}}},{"name":"Box10","from":[4.7,0,-2],"to":[17.7,13.66667,11.66667],"shade":false,"faces":{"north":{"uv":[3,7,13,16],"texture":"#texture"},"east":{"uv":[5,5,13,15],"texture":"#texture"},"south":{"uv":[5,7,15,16],"texture":"#texture"},"west":{"uv":[6,7,14,16],"texture":"#texture"},"up":{"uv":[0,0,14,8],"texture":"#texture"},"down":{"uv":[9.33333,5.33333,13.33333,8],"texture":"#texture"}}},{"name":"Box10","from":[0,0,17],"to":[4,0.66667,19.66667],"shade":false,"rotation":{"angle":-22.5,"axis":"y","origin":[2,0.33333,18.33333]},"faces":{"north":{"uv":[4,15.33333,8,16],"texture":"#texture"},"east":{"uv":[8.33333,15.33333,11,16],"texture":"#texture"},"south":{"uv":[8,15.33333,12,16],"texture":"#texture"},"west":{"uv":[5,15.33333,7.66667,16],"texture":"#texture"},"up":{"uv":[8,5,12,7.66667],"texture":"#texture"},"down":{"uv":[8,8.33333,12,11],"texture":"#texture"}}},{"name":"Box10","from":[-3.3333,0,3.0833],"to":[0.00003,1,5.74997],"shade":false,"rotation":{"angle":-22.5,"axis":"y","origin":[8.33337,0.5,11.66664]},"faces":{"north":{"uv":[3,14,9,16],"texture":"#texture"},"east":{"uv":[7,14,14,16],"texture":"#texture"},"south":{"uv":[7,14,14,16],"texture":"#texture"},"west":{"uv":[2,10,12,12],"texture":"#texture"},"up":{"uv":[6.66667,2.33333,10,5],"texture":"#texture"},"down":{"uv":[6.66667,11,10,13.66667],"texture":"#texture"}}},{"name":"Box10","from":[-10.31271,0,9.20085],"to":[-6.97938,2,13.20085],"shade":false,"rotation":{"angle":22.5,"axis":"y","origin":[-8.64605,1,11.20085]},"faces":{"north":{"uv":[1,12,6,15],"texture":"#texture"},"east":{"uv":[5,13,12,16],"texture":"#texture"},"south":{"uv":[10,12,16,16],"texture":"#texture"},"west":{"uv":[8,13,14,16],"texture":"#texture"},"up":{"uv":[5,12,13,16],"rotation":270,"texture":"#texture"},"down":{"uv":[5.33333,0.33333,8.33333,2.66667],"rotation":90,"texture":"#texture"}}},{"name":"Box10","from":[0.3333,0,-9],"to":[3.3333,0.66667,-6.33333],"shade":false,"rotation":{"angle":-22.5,"axis":"y","origin":[-0.1667,0.33333,6.33334]},"faces":{"north":{"uv":[4.33333,15.33333,7.33333,16],"texture":"#texture"},"east":{"uv":[5,15.33333,7.66667,16],"texture":"#texture"},"south":{"uv":[8.66667,15.33333,11.66667,16],"texture":"#texture"},"west":{"uv":[8.33333,15.33333,11,16],"texture":"#texture"},"up":{"uv":[4.33333,5,7.33333,7.66667],"rotation":180,"texture":"#texture"},"down":{"uv":[4.33333,8.33333,7.33333,11],"rotation":180,"texture":"#texture"}}}],"display":{"thirdperson_righthand":{"rotation":[75,45,0],"translation":[0,2.5,0],"scale":[0.375,0.375,0.375]},"thirdperson_lefthand":{"rotation":[75,45,0],"translation":[0,2.5,0],"scale":[0.375,0.375,0.375]},"firstperson_righthand":{"rotation":[0,45,0],"scale":[0.4,0.4,0.4]},"firstperson_lefthand":{"rotation":[0,225,0],"scale":[0.4,0.4,0.4]},"ground":{"translation":[0,3,0],"scale":[0.25,0.25,0.25]},"gui":{"rotation":[30,225,0],"scale":[0.625,0.625,0.625]},"head":{"translation":[0,-16.75,0],"scale":[2,2,2]},"fixed":{"scale":[0.5,0.5,0.5]}}}