{"credit":"Made with Blockbench","gui_light":"front","textures":{"0":"block/cauldron_inner","1":"block/cauldron_side","2":"block/cauldron_top","3":"block/cauldron_bottom","4":"item/diamond","5":"block/gold_block","6":"item/gold_ingot","7":"item/emerald","8":"item/ender_eye","9":"item/lapis_lazuli","10":"worlddeco:light_shaft","particle":"block/cauldron_side"},"elements":[{"name":"diamond","from":[3,13,12],"to":[9,19,12],"rotation":{"angle":22.5,"axis":"x","origin":[6,16,12]},"faces":{"north":{"uv":[0,0,16,16],"texture":"#9"},"east":{"uv":[0,0,0,0],"texture":"#4"},"south":{"uv":[0,0,16,16],"texture":"#9"},"west":{"uv":[0,0,0,0],"texture":"#4"},"up":{"uv":[0,0,0,0],"texture":"#4"},"down":{"uv":[0,0,0,0],"texture":"#4"}}},{"name":"diamond","from":[6,10.68297,4.53912],"to":[6,16.68297,10.53912],"rotation":{"angle":45,"axis":"z","origin":[6,15.68297,7.53912]},"faces":{"north":{"uv":[0,0,0,0],"texture":"#4"},"east":{"uv":[0,0,16,16],"texture":"#7"},"south":{"uv":[0,0,0,0],"texture":"#4"},"west":{"uv":[0,0,16,16],"texture":"#7"},"up":{"uv":[0,0,0,0],"rotation":90,"texture":"#4"},"down":{"uv":[0,0,0,0],"rotation":270,"texture":"#4"}}},{"name":"diamond","from":[3,13.44834,3.69136],"to":[9,19.44834,3.69136],"rotation":{"angle":-22.5,"axis":"x","origin":[6,16.44834,5.69136]},"faces":{"north":{"uv":[0,0,16,16],"texture":"#4"},"east":{"uv":[0,0,0,0],"texture":"#4"},"south":{"uv":[0,0,16,16],"texture":"#4"},"west":{"uv":[0,0,0,0],"texture":"#4"},"up":{"uv":[0,0,0,0],"texture":"#4"},"down":{"uv":[0,0,0,0],"texture":"#4"}}},{"name":"diamond","from":[6,15.28983,1.46091],"to":[6,21.28983,7.46091],"rotation":{"angle":-22.5,"axis":"z","origin":[0,0,0]},"faces":{"north":{"uv":[0,0,0,0],"texture":"#4"},"east":{"uv":[0,0,16,16],"texture":"#8"},"south":{"uv":[0,0,0,0],"texture":"#4"},"west":{"uv":[0,0,16,16],"texture":"#8"},"up":{"uv":[0,0,0,0],"rotation":270,"texture":"#4"},"down":{"uv":[0,0,0,0],"rotation":90,"texture":"#4"}}},{"name":"diamond","from":[10,14.28983,7.46091],"to":[10,20.28983,13.46091],"rotation":{"angle":-22.5,"axis":"z","origin":[6,16.28983,3.46091]},"faces":{"north":{"uv":[0,0,0,0],"texture":"#4"},"east":{"uv":[0,0,16,16],"texture":"#6"},"south":{"uv":[0,0,0,0],"texture":"#4"},"west":{"uv":[0,0,16,16],"texture":"#6"},"up":{"uv":[0,0,0,0],"rotation":270,"texture":"#4"},"down":{"uv":[0,0,0,0],"rotation":90,"texture":"#4"}}},{"name":"gold_top","from":[2,14,2],"to":[14,14,14],"faces":{"up":{"uv":[2,2,14,14],"texture":"#5","cullface":"up"},"down":{"uv":[2,2,14,14],"texture":"#0"}}},{"name":"light_shaft","from":[2,16.4,16],"to":[14,28.4,16],"rotation":{"angle":22.5,"axis":"x","origin":[8,21,14]},"faces":{"north":{"uv":[0,0,16,16],"texture":"#10"},"east":{"uv":[0,0,0,0],"texture":"#10"},"south":{"uv":[0,0,16,16],"texture":"#10"},"west":{"uv":[0,0,0,0],"texture":"#10"},"up":{"uv":[0,0,0,0],"texture":"#10"},"down":{"uv":[0,0,0,0],"texture":"#10"}}},{"name":"light_shaft","from":[2,16.15851,0.23044],"to":[14,28.15851,0.23044],"rotation":{"angle":-22.5,"axis":"x","origin":[8,21.15851,1.23044]},"faces":{"north":{"uv":[0,0,16,16],"texture":"#10"},"east":{"uv":[0,0,0,0],"texture":"#10"},"south":{"uv":[0,0,16,16],"texture":"#10"},"west":{"uv":[0,0,0,0],"texture":"#10"},"up":{"uv":[0,0,0,0],"texture":"#10"},"down":{"uv":[0,0,0,0],"texture":"#10"}}},{"name":"light_shaft","from":[17.5,16.84386,2.13879],"to":[17.5,28.84386,14.13879],"rotation":{"angle":-22.5,"axis":"z","origin":[14,25.14386,8.23879]},"faces":{"north":{"uv":[0,0,0,0],"texture":"#10"},"east":{"uv":[0,0,16,16],"texture":"#10"},"south":{"uv":[0,0,0,0],"texture":"#10"},"west":{"uv":[0,0,16,16],"texture":"#10"},"up":{"uv":[0,0,0,0],"rotation":90,"texture":"#10"},"down":{"uv":[0,0,0,0],"rotation":270,"texture":"#10"}}},{"name":"light_shaft","from":[0.15224,15.39315,2.23044],"to":[0.15224,27.39315,14.23044],"rotation":{"angle":22.5,"axis":"z","origin":[0.15224,20.39315,8.23044]},"faces":{"north":{"uv":[0,0,0,0],"texture":"#10"},"east":{"uv":[0,0,16,16],"texture":"#10"},"south":{"uv":[0,0,0,0],"texture":"#10"},"west":{"uv":[0,0,16,16],"texture":"#10"},"up":{"uv":[0,0,0,0],"texture":"#10"},"down":{"uv":[0,0,0,0],"texture":"#10"}}},{"from":[0,3,0],"to":[2,16,16],"faces":{"north":{"uv":[14,0,16,13],"texture":"#1","cullface":"north"},"east":{"uv":[0,0,16,13],"texture":"#1","cullface":"up"},"south":{"uv":[0,0,2,13],"texture":"#1","cullface":"south"},"west":{"uv":[0,0,16,13],"texture":"#1","cullface":"west"},"up":{"uv":[0,0,2,16],"texture":"#2","cullface":"up"},"down":{"uv":[0,0,2,16],"texture":"#0"}}},{"from":[2,3,2],"to":[14,3,14],"faces":{"up":{"uv":[2,2,14,14],"texture":"#0","cullface":"up"},"down":{"uv":[2,2,14,14],"texture":"#0"}}},{"from":[14,3,0],"to":[16,16,16],"faces":{"north":{"uv":[0,0,2,13],"texture":"#1","cullface":"north"},"east":{"uv":[0,0,16,13],"texture":"#1","cullface":"east"},"south":{"uv":[14,0,16,13],"texture":"#1","cullface":"south"},"west":{"uv":[0,0,16,13],"texture":"#1","cullface":"up"},"up":{"uv":[14,0,16,16],"texture":"#2","cullface":"up"},"down":{"uv":[14,0,16,16],"texture":"#0"}}},{"from":[2,3,0],"to":[14,16,2],"faces":{"north":{"uv":[2,0,14,13],"texture":"#1","cullface":"north"},"south":{"uv":[2,0,14,13],"texture":"#1","cullface":"up"},"up":{"uv":[2,0,14,2],"texture":"#2","cullface":"up"},"down":{"uv":[2,14,14,16],"texture":"#0"}}},{"from":[2,3,14],"to":[14,16,16],"faces":{"north":{"uv":[2,0,14,13],"texture":"#1","cullface":"up"},"south":{"uv":[2,0,14,13],"texture":"#1","cullface":"south"},"up":{"uv":[2,14,14,16],"texture":"#2","cullface":"up"},"down":{"uv":[2,0,14,2],"texture":"#0"}}},{"from":[0,0,0],"to":[4,3,2],"faces":{"north":{"uv":[12,13,16,16],"texture":"#1","cullface":"north"},"east":{"uv":[14,13,16,16],"texture":"#1"},"south":{"uv":[0,13,4,16],"texture":"#1"},"west":{"uv":[0,13,2,16],"texture":"#1","cullface":"west"},"down":{"uv":[0,14,4,16],"texture":"#3","cullface":"down"}}},{"from":[0,0,2],"to":[2,3,4],"faces":{"east":{"uv":[12,13,14,16],"texture":"#1"},"south":{"uv":[0,13,2,16],"texture":"#1"},"west":{"uv":[2,13,4,16],"texture":"#1","cullface":"west"},"down":{"uv":[0,12,2,14],"texture":"#3","cullface":"down"}}},{"from":[12,0,0],"to":[16,3,2],"faces":{"north":{"uv":[0,13,4,16],"texture":"#1","cullface":"north"},"east":{"uv":[14,13,16,16],"texture":"#1","cullface":"east"},"south":{"uv":[12,13,16,16],"texture":"#1"},"west":{"uv":[0,13,2,16],"texture":"#1"},"down":{"uv":[12,14,16,16],"texture":"#3","cullface":"down"}}},{"from":[14,0,2],"to":[16,3,4],"faces":{"east":{"uv":[12,13,14,16],"texture":"#1","cullface":"east"},"south":{"uv":[14,13,16,16],"texture":"#1"},"west":{"uv":[2,13,4,16],"texture":"#1"},"down":{"uv":[14,12,16,14],"texture":"#3","cullface":"down"}}},{"from":[0,0,14],"to":[4,3,16],"faces":{"north":{"uv":[12,13,16,16],"texture":"#1"},"east":{"uv":[0,13,2,16],"texture":"#1"},"south":{"uv":[0,13,4,16],"texture":"#1","cullface":"south"},"west":{"uv":[14,13,16,16],"texture":"#1","cullface":"west"},"down":{"uv":[0,0,4,2],"texture":"#3","cullface":"down"}}},{"from":[0,0,12],"to":[2,3,14],"faces":{"north":{"uv":[14,13,16,16],"texture":"#1"},"east":{"uv":[2,13,4,16],"texture":"#1"},"west":{"uv":[12,13,14,16],"texture":"#1","cullface":"west"},"down":{"uv":[0,2,2,4],"texture":"#3","cullface":"down"}}},{"from":[12,0,14],"to":[16,3,16],"faces":{"north":{"uv":[0,13,4,16],"texture":"#1"},"east":{"uv":[0,13,2,16],"texture":"#1","cullface":"east"},"south":{"uv":[12,13,16,16],"texture":"#1","cullface":"south"},"west":{"uv":[14,13,16,16],"texture":"#1"},"down":{"uv":[12,0,16,2],"texture":"#3","cullface":"down"}}},{"from":[14,0,12],"to":[16,3,14],"faces":{"north":{"uv":[0,13,2,16],"texture":"#1"},"east":{"uv":[2,13,4,16],"texture":"#1","cullface":"east"},"west":{"uv":[12,13,14,16],"texture":"#1"},"down":{"uv":[14,2,16,4],"texture":"#3","cullface":"down"}}}],"display":{"thirdperson_righthand":{"rotation":[75,45,0],"translation":[-0.5,4.5,2],"scale":[0.375,0.375,0.375]},"firstperson_righthand":{"rotation":[0,15,0],"translation":[1.75,3.25,0],"scale":[0.4,0.4,0.4]},"firstperson_lefthand":{"scale":[0.4,0.4,0.4]},"ground":{"translation":[0,3,0],"scale":[0.25,0.25,0.25]},"gui":{"rotation":[25,45,0],"translation":[0,-1,0],"scale":[0.5,0.5,0.5]},"head":{"translation":[0,14.5,0]},"fixed":{"scale":[0.5,0.5,0.5]}},"groups":[{"name":"group","origin":[0.15224,20.39315,8.23044],"color":0,"children":[0,1,2,3,4,5,6,7,8,9,{"name":"cauldron","origin":[8,8,8],"color":0,"children":[10,11,12,13,14,15,16,17,18,19,20,21,22]}]}]}