{"credit":"Made with Blockbench","ambientocclusion":false,"gui_light":"front","textures":{"0":"worlddeco:waste","particle":"worlddeco:waste"},"elements":[{"from":[6,-1.23996,7.32119],"to":[17,-1.13996,18.32119],"shade":false,"rotation":{"angle":0,"axis":"z","origin":[8,-6.43996,11.32119]},"faces":{"up":{"uv":[0,0,5.5,6.75],"rotation":270,"texture":"#0"},"down":{"uv":[7.25,0,12.75,6.75],"rotation":270,"texture":"#0"}}},{"from":[0,-1.43996,-2.67881],"to":[11,-1.33996,8.32119],"shade":false,"rotation":{"angle":22.5,"axis":"y","origin":[5.5,-1.43996,2.82119]},"faces":{"up":{"uv":[0,0,5.5,6.75],"rotation":180,"texture":"#0"},"down":{"uv":[7.25,0,12.75,6.75],"texture":"#0"}}},{"from":[7.12132,-2,4.05025],"to":[18.12132,2,4.15025],"shade":false,"rotation":{"angle":45,"axis":"y","origin":[12.62132,0,4.05025]},"faces":{"north":{"uv":[0,8.5,5.5,11.5],"texture":"#0"},"south":{"uv":[0,8.5,5.5,11.5],"rotation":180,"texture":"#0"}}},{"from":[4.42893,-3,5.74264],"to":[4.52893,1,16.74264],"shade":false,"rotation":{"angle":22.5,"axis":"y","origin":[3.42893,0,13.24264]},"faces":{"east":{"uv":[6.25,8.75,11.75,11.25],"rotation":180,"texture":"#0"},"west":{"uv":[6.25,8.75,11.75,11.25],"texture":"#0"}}},{"from":[0.42893,-2,10.74264],"to":[0.52893,1,16.74264],"shade":false,"rotation":{"angle":22.5,"axis":"y","origin":[3.42893,0,13.24264]},"faces":{"east":{"uv":[0,12.25,2.25,13.5],"texture":"#0"},"west":{"uv":[0,12.25,2.25,13.5],"texture":"#0"}}},{"from":[6.86745,-2,2.8652],"to":[6.96745,1,8.8652],"shade":false,"rotation":{"angle":0,"axis":"y","origin":[6.86745,-0.5,5.8652]},"faces":{"east":{"uv":[0,12.25,2.25,13.5],"texture":"#0"},"west":{"uv":[0,12.25,2.25,13.5],"texture":"#0"}}}],"display":{"thirdperson_righthand":{"rotation":[75,45,0],"translation":[0,2.5,2.75],"scale":[0.375,0.375,0.375]},"firstperson_righthand":{"scale":[0.4,0.4,0.4]},"firstperson_lefthand":{"scale":[0.4,0.4,0.4]},"ground":{"translation":[0,3,0],"scale":[0.25,0.25,0.25]},"gui":{"rotation":[30,225,0],"translation":[0.25,2.75,0],"scale":[0.65,0.65,0.65]},"head":{"translation":[0,17,0]},"fixed":{"rotation":[-90,0,0],"translation":[0,0,-7],"scale":[0.7,0.7,0.7]}}}