{"credit":"Made with Blockbench","gui_light":"front","textures":{"0":"block/cobblestone","particle":"block/cobblestone"},"elements":[{"from":[9,0.1,9],"to":[15,2.1,15],"faces":{"north":{"uv":[0,0,6,2],"texture":"#0"},"east":{"uv":[0,0,6,2],"texture":"#0"},"south":{"uv":[0,0,6,2],"texture":"#0"},"west":{"uv":[0,0,6,2],"texture":"#0"},"up":{"uv":[0,0,6,6],"texture":"#0"},"down":{"uv":[0,0,6,6],"texture":"#0"}}},{"from":[2,0.1,4],"to":[8,3.1,10],"faces":{"north":{"uv":[0,0,6,3],"texture":"#0"},"east":{"uv":[0,0,6,3],"texture":"#0"},"south":{"uv":[0,0,6,3],"texture":"#0"},"west":{"uv":[0,0,6,3],"texture":"#0"},"up":{"uv":[0,0,6,6],"texture":"#0"},"down":{"uv":[0,0,6,6],"texture":"#0"}}},{"from":[11,0.1,2],"to":[14,1.1,5],"faces":{"north":{"uv":[0,0,3,1],"texture":"#0"},"east":{"uv":[0,0,3,1],"texture":"#0"},"south":{"uv":[0,0,3,1],"texture":"#0"},"west":{"uv":[0,0,3,1],"texture":"#0"},"up":{"uv":[0,0,3,3],"texture":"#0"},"down":{"uv":[0,0,3,3],"texture":"#0"}}}],"display":{"thirdperson_righthand":{"rotation":[75,45,0],"translation":[-0.5,2.25,2],"scale":[0.375,0.375,0.375]},"firstperson_righthand":{"rotation":[0,15,0],"translation":[1.75,3.25,0],"scale":[0.4,0.4,0.4]},"firstperson_lefthand":{"scale":[0.4,0.4,0.4]},"ground":{"translation":[0,3,0],"scale":[0.25,0.25,0.25]},"gui":{"rotation":[90,0,0],"translation":[-0.5,0.75,0],"scale":[1.2,1.2,1.2]},"head":{"translation":[0,14.5,0]},"fixed":{"rotation":[-90,0,0],"translation":[0,0,-8.25]}}}