{
  "parent": "minecraft:block/cross",
  "gui_light": "front",
  "textures": {
    "cross": "#main"
  },
  "display": {
    "thirdperson_righthand": {
      "translation": [
        0,
        2.5,
        1.25
      ],
      "scale": [
        0.5,
        0.5,
        0.5
      ]
    },
    "ground": {
      "translation": [
        0,
        2,
        0
      ],
      "scale": [
        0.5,
        0.5,
        0.5
      ]
    },
    "gui": {
      "rotation": [
        0,
        45,
        0
      ]
    },
    "fixed": {
      "rotation": [
        0,
        45,
        0
      ],
      "translation": [
        0,
        0,
        -0.75
      ]
    }
  }
}