{"credit":"Made with Blockbench","textures":{"0":"creaturesplus:mob/soul/soul","particle":"creaturesplus:mob/soul/soul"},"elements":[{"name":"hood","from":[4,16.9,4],"to":[12,29,12],"faces":{"north":{"uv":[14,4,12,7],"texture":"#0","tintindex":0},"east":{"uv":[12,4,10,7],"texture":"#0","tintindex":0},"south":{"uv":[12,4,10,7],"texture":"#0","tintindex":0},"west":{"uv":[12,4,10,7],"texture":"#0","tintindex":0},"up":{"uv":[8,6,10,4],"texture":"#0","tintindex":0},"down":{"uv":[10,6,8,8],"texture":"#0","tintindex":0}}},{"name":"hood","from":[11.9,16.9,4],"to":[11.9,29,12],"rotation":{"angle":0,"axis":"y","origin":[7.9,8,8]},"faces":{"north":{"uv":[14,4,12,7],"texture":"#0","tintindex":0},"east":{"uv":[12,4,10,7],"texture":"#0","tintindex":0},"south":{"uv":[12,4,10,7],"texture":"#0","tintindex":0},"west":{"uv":[12,4,10,7],"texture":"#0","tintindex":0},"up":{"uv":[8,6,10,4],"texture":"#0","tintindex":0},"down":{"uv":[10,6,8,8],"texture":"#0","tintindex":0}}},{"name":"hood","from":[4.1,16.9,4],"to":[4.1,29,12],"rotation":{"angle":0,"axis":"y","origin":[0.1,8,8]},"faces":{"north":{"uv":[14,4,12,7],"texture":"#0","tintindex":0},"east":{"uv":[12,4,10,7],"texture":"#0","tintindex":0},"south":{"uv":[12,4,10,7],"texture":"#0","tintindex":0},"west":{"uv":[12,4,10,7],"texture":"#0","tintindex":0},"up":{"uv":[8,6,10,4],"texture":"#0","tintindex":0},"down":{"uv":[10,6,8,8],"texture":"#0","tintindex":0}}},{"name":"hood","from":[4,16.9,11.9],"to":[12,29,11.9],"rotation":{"angle":0,"axis":"y","origin":[8,22.95,11.9]},"faces":{"north":{"uv":[12,4,10,7],"texture":"#0","tintindex":0},"east":{"uv":[12,4,10,7],"texture":"#0","tintindex":0},"south":{"uv":[14,4,12,7],"texture":"#0","tintindex":0},"west":{"uv":[12,4,10,7],"texture":"#0","tintindex":0},"up":{"uv":[8,6,10,4],"rotation":180,"texture":"#0","tintindex":0},"down":{"uv":[10,6,8,8],"rotation":180,"texture":"#0","tintindex":0}}},{"name":"Head","from":[4.1,24.9,4.1],"to":[11.9,28.9,11.9],"faces":{"north":{"uv":[2,4,0,5],"texture":"#0","tintindex":0},"east":{"uv":[2,4,4,5],"texture":"#0","tintindex":0},"south":{"uv":[4,7,2,8],"texture":"#0","tintindex":0},"west":{"uv":[4,4,2,5],"texture":"#0","tintindex":0},"up":{"uv":[4,6,2,8],"texture":"#0","tintindex":0},"down":{"uv":[4,6,2,8],"texture":"#0","tintindex":0}}},{"name":"Head","from":[6.1,20.9,4.1],"to":[9.9,24.9,11.9],"faces":{"north":{"uv":[1.5,5,0.5,6],"texture":"#0","tintindex":0},"east":{"uv":[4,5,2,6],"texture":"#0","tintindex":0},"south":{"uv":[3.5,7,2.5,8],"texture":"#0","tintindex":0},"west":{"uv":[4,5,2,6],"texture":"#0","tintindex":0},"up":{"uv":[1,6,0,8],"texture":"#0","tintindex":0},"down":{"uv":[2,6,1,8],"texture":"#0","tintindex":0}}},{"name":"Head","from":[6.2,21,4.2],"to":[9.8,24.9,11.7],"faces":{"north":{"uv":[1.5,9,0.5,10],"texture":"#0","tintindex":0},"east":{"uv":[4,5,2,6],"texture":"#0","tintindex":0},"south":{"uv":[1.5,9,0.5,10],"texture":"#0","tintindex":0},"west":{"uv":[4,5,2,6],"texture":"#0","tintindex":0},"up":{"uv":[1,6,0,8],"texture":"#0","tintindex":0},"down":{"uv":[2,6,1,8],"texture":"#0","tintindex":0}}},{"name":"Head","from":[4.2,25,4.2],"to":[11.8,28.8,11.8],"faces":{"north":{"uv":[2,8,0,9],"texture":"#0","tintindex":0},"east":{"uv":[2,4,4,5],"texture":"#0","tintindex":0},"south":{"uv":[2,8,0,9],"texture":"#0","tintindex":0},"west":{"uv":[4,4,2,5],"texture":"#0","tintindex":0},"up":{"uv":[4,6,2,8],"texture":"#0","tintindex":0},"down":{"uv":[4,6,2,8],"texture":"#0","tintindex":0}}},{"name":"Body","from":[4,8,6],"to":[12,21,10],"rotation":{"angle":-22.5,"axis":"x","origin":[8,21,8.43333]},"faces":{"north":{"uv":[5,0.25,7,3.5],"texture":"#0","tintindex":0},"east":{"uv":[4,0.25,4.75,3.5],"texture":"#0","tintindex":0},"south":{"uv":[0,0.75,2,4],"texture":"#0","tintindex":0},"west":{"uv":[7,0.25,8,3.5],"texture":"#0","tintindex":0},"up":{"uv":[5,2.25,7,3.25],"texture":"#0","tintindex":0},"down":{"uv":[5,2.25,7,3.25],"texture":"#0","tintindex":0}}},{"name":"Body","from":[4,8,9.8],"to":[12,21,9.8],"rotation":{"angle":-22.5,"axis":"x","origin":[8,21,8.43333]},"faces":{"north":{"uv":[0,0.75,2,4],"texture":"#0","tintindex":0},"east":{"uv":[7,0.25,8,3.5],"texture":"#0","tintindex":0},"south":{"uv":[5,0.25,7,3.5],"texture":"#0","tintindex":0},"west":{"uv":[4,0.25,4.75,3.5],"texture":"#0","tintindex":0},"up":{"uv":[5,2.25,7,3.25],"rotation":180,"texture":"#0","tintindex":0},"down":{"uv":[5,2.25,7,3.25],"rotation":180,"texture":"#0","tintindex":0}}},{"name":"Body","from":[11.9,8,6],"to":[11.9,21,10],"rotation":{"angle":-22.5,"axis":"x","origin":[8,21,8.43333]},"faces":{"north":{"uv":[5,0.25,7,3.5],"texture":"#0","tintindex":0},"east":{"uv":[4,0.25,4.75,3.5],"texture":"#0","tintindex":0},"south":{"uv":[0,0.75,2,4],"texture":"#0","tintindex":0},"west":{"uv":[7,0.25,8,3.5],"texture":"#0","tintindex":0},"up":{"uv":[5,2.25,7,3.25],"texture":"#0","tintindex":0},"down":{"uv":[5,2.25,7,3.25],"texture":"#0","tintindex":0}}},{"name":"Body","from":[4.1,8,6],"to":[4.1,21,10],"rotation":{"angle":-22.5,"axis":"x","origin":[8,21,8.43333]},"faces":{"north":{"uv":[5,0.25,7,3.5],"texture":"#0","tintindex":0},"east":{"uv":[4,0.25,4.75,3.5],"texture":"#0","tintindex":0},"south":{"uv":[0,0.75,2,4],"texture":"#0","tintindex":0},"west":{"uv":[7,0.25,8,3.5],"texture":"#0","tintindex":0},"up":{"uv":[5,2.25,7,3.25],"texture":"#0","tintindex":0},"down":{"uv":[5,2.25,7,3.25],"texture":"#0","tintindex":0}}},{"name":"robe","from":[3.9,1,5.9],"to":[12.1,15,10.1],"rotation":{"angle":-22.5,"axis":"x","origin":[8,21,8.43333]},"faces":{"north":{"uv":[7,8,9,11.5],"texture":"#0","tintindex":0},"east":{"uv":[6,8,7,11.5],"texture":"#0","tintindex":0},"south":{"uv":[4,8,6,11.5],"texture":"#0","tintindex":0},"west":{"uv":[9,8,10,11.5],"texture":"#0","tintindex":0},"up":{"uv":[5,2.25,7,3.25],"texture":"#0","tintindex":0},"down":{"uv":[5,2.25,7,3.25],"texture":"#0","tintindex":0}}},{"name":"robe","from":[3.9,1,10.1],"to":[12.1,21,10.1],"rotation":{"angle":-22.5,"axis":"x","origin":[8,21,8.43333]},"faces":{"north":{"uv":[4,8,6,11.5],"texture":"#0","tintindex":0},"east":{"uv":[9,8,10,11.5],"texture":"#0","tintindex":0},"south":{"uv":[7,8,9,11.5],"texture":"#0","tintindex":0},"west":{"uv":[6,8,7,11.5],"texture":"#0","tintindex":0},"up":{"uv":[5,2.25,7,3.25],"rotation":180,"texture":"#0","tintindex":0},"down":{"uv":[5,2.25,7,3.25],"rotation":180,"texture":"#0","tintindex":0}}},{"name":"robe","from":[11.8,1,5.9],"to":[11.8,21,10.1],"rotation":{"angle":-22.5,"axis":"x","origin":[8,21,8.43333]},"faces":{"north":{"uv":[7,8,9,11.5],"texture":"#0","tintindex":0},"east":{"uv":[6,8,7,11.5],"texture":"#0","tintindex":0},"south":{"uv":[4,8,6,11.5],"texture":"#0","tintindex":0},"west":{"uv":[9,8,10,11.5],"texture":"#0","tintindex":0},"up":{"uv":[5,2.25,7,3.25],"texture":"#0","tintindex":0},"down":{"uv":[5,2.25,7,3.25],"texture":"#0","tintindex":0}}},{"name":"robe","from":[4.2,1,5.9],"to":[4.2,21,10.1],"rotation":{"angle":-22.5,"axis":"x","origin":[8,21,8.43333]},"faces":{"north":{"uv":[7,8,9,11.5],"texture":"#0","tintindex":0},"east":{"uv":[6,8,7,11.5],"texture":"#0","tintindex":0},"south":{"uv":[4,8,6,11.5],"texture":"#0","tintindex":0},"west":{"uv":[9,8,10,11.5],"texture":"#0","tintindex":0},"up":{"uv":[5,2.25,7,3.25],"texture":"#0","tintindex":0},"down":{"uv":[5,2.25,7,3.25],"texture":"#0","tintindex":0}}},{"name":"robe","from":[3.9,15,5.9],"to":[12.1,21,10.1],"rotation":{"angle":-22.5,"axis":"x","origin":[8,21,8.43333]},"faces":{"north":{"uv":[7,8,9,9.5],"texture":"#0","tintindex":0},"east":{"uv":[6,8,7,9],"texture":"#0","tintindex":0},"south":{"uv":[4,8,6,9],"texture":"#0","tintindex":0},"west":{"uv":[9,8,10,8.75],"texture":"#0","tintindex":0},"up":{"uv":[5,2.25,7,3.25],"texture":"#0","tintindex":0},"down":{"uv":[5,2.25,7,3.25],"texture":"#0","tintindex":0}}},{"from":[7,11,11.8],"to":[9,25,12.8],"rotation":{"angle":-22.5,"axis":"x","origin":[15,16,19.8]},"faces":{"north":{"uv":[0.75,0,1.25,4],"texture":"#0","tintindex":0},"east":{"uv":[0.75,0,1.25,4],"texture":"#0","tintindex":0},"south":{"uv":[0.75,0,1.25,4],"texture":"#0","tintindex":0},"west":{"uv":[0.75,0,1.25,4],"texture":"#0","tintindex":0},"up":{"uv":[0.75,0,1.25,4],"texture":"#0","tintindex":0},"down":{"uv":[0.75,0,1.25,4],"texture":"#0","tintindex":0}}},{"name":"sleeve","from":[12,9.1,6],"to":[16,21.1,10],"rotation":{"angle":45,"axis":"x","origin":[12,21.08333,8]},"faces":{"north":{"uv":[4,5,5,8],"texture":"#0","tintindex":0},"east":{"uv":[7,5,8,8],"texture":"#0","tintindex":0},"south":{"uv":[5,5,6,8],"texture":"#0","tintindex":0},"west":{"uv":[6,5,7,8],"texture":"#0","tintindex":0},"up":{"uv":[4,4,5,5],"texture":"#0","tintindex":0},"down":{"uv":[5,4,6,5],"texture":"#0","tintindex":0}}},{"name":"sleeve","from":[12,9.1,10],"to":[16,21.1,10],"rotation":{"angle":45,"axis":"x","origin":[12,21.08333,8]},"faces":{"north":{"uv":[4,5,5,8],"texture":"#0","tintindex":0},"east":{"uv":[7,5,8,8],"texture":"#0","tintindex":0},"south":{"uv":[5,5,6,8],"texture":"#0","tintindex":0},"west":{"uv":[6,5,7,8],"texture":"#0","tintindex":0},"up":{"uv":[4,4,5,5],"texture":"#0","tintindex":0},"down":{"uv":[5,4,6,5],"texture":"#0","tintindex":0}}},{"name":"sleeve","from":[12,9.1,6],"to":[16,21.1,6],"rotation":{"angle":45,"axis":"x","origin":[12,21.08333,8]},"faces":{"north":{"uv":[4,5,5,8],"texture":"#0","tintindex":0},"east":{"uv":[7,5,8,8],"texture":"#0","tintindex":0},"south":{"uv":[5,5,6,8],"texture":"#0","tintindex":0},"west":{"uv":[6,5,7,8],"texture":"#0","tintindex":0},"up":{"uv":[4,4,5,5],"texture":"#0","tintindex":0},"down":{"uv":[5,4,6,5],"texture":"#0","tintindex":0}}},{"name":"sleeve","from":[16,9.1,6],"to":[16,21.1,10],"rotation":{"angle":45,"axis":"x","origin":[12,21.08333,8]},"faces":{"north":{"uv":[4,5,5,8],"texture":"#0","tintindex":0},"east":{"uv":[7,5,8,8],"texture":"#0","tintindex":0},"south":{"uv":[5,5,6,8],"texture":"#0","tintindex":0},"west":{"uv":[6,5,7,8],"texture":"#0","tintindex":0},"up":{"uv":[4,4,5,5],"texture":"#0","tintindex":0},"down":{"uv":[5,4,6,5],"texture":"#0","tintindex":0}}},{"name":"sleeve","from":[12,9.1,6],"to":[12,21.1,10],"rotation":{"angle":45,"axis":"x","origin":[12,21.08333,8]},"faces":{"north":{"uv":[4,5,5,8],"texture":"#0","tintindex":0},"east":{"uv":[7,5,8,8],"texture":"#0","tintindex":0},"south":{"uv":[5,5,6,8],"texture":"#0","tintindex":0},"west":{"uv":[6,5,7,8],"texture":"#0","tintindex":0},"up":{"uv":[4,4,5,5],"texture":"#0","tintindex":0},"down":{"uv":[5,4,6,5],"texture":"#0","tintindex":0}}},{"name":"L Arm","from":[13,9,7],"to":[15,21,9],"rotation":{"angle":45,"axis":"x","origin":[12,21.08333,8]},"faces":{"north":{"uv":[2,0.25,2.5,3.25],"texture":"#0","tintindex":0},"east":{"uv":[3.5,0.25,4,3.25],"texture":"#0","tintindex":0},"south":{"uv":[2.5,0.25,3,3.25],"texture":"#0","tintindex":0},"west":{"uv":[3,0.25,3.5,3.25],"texture":"#0","tintindex":0},"up":{"uv":[2.5,0,3,0.5],"texture":"#0","tintindex":0},"down":{"uv":[2.5,0,3,0.5],"texture":"#0","tintindex":0}}},{"name":"sleeve","from":[0,9.1,6],"to":[4,21.1,10],"rotation":{"angle":45,"axis":"x","origin":[4,21.0833,8]},"faces":{"north":{"uv":[5,5,6,8],"texture":"#0","tintindex":0},"east":{"uv":[7,5,8,8],"texture":"#0","tintindex":0},"south":{"uv":[5,5,6,8],"texture":"#0","tintindex":0},"west":{"uv":[6,5,7,8],"texture":"#0","tintindex":0},"up":{"uv":[4,4,5,5],"texture":"#0","tintindex":0},"down":{"uv":[5,4,6,5],"texture":"#0","tintindex":0}}},{"name":"sleeve","from":[0,9.1,10],"to":[4,21.1,10],"rotation":{"angle":45,"axis":"x","origin":[4,21.0833,8]},"faces":{"north":{"uv":[4,5,5,8],"texture":"#0","tintindex":0},"east":{"uv":[7,5,8,8],"texture":"#0","tintindex":0},"south":{"uv":[5,5,6,8],"texture":"#0","tintindex":0},"west":{"uv":[6,5,7,8],"texture":"#0","tintindex":0},"up":{"uv":[4,4,5,5],"texture":"#0","tintindex":0},"down":{"uv":[5,4,6,5],"texture":"#0","tintindex":0}}},{"name":"sleeve","from":[0,9.1,6],"to":[4,21.1,6],"rotation":{"angle":45,"axis":"x","origin":[4,21.0833,8]},"faces":{"north":{"uv":[5.75,5,6.75,8],"texture":"#0","tintindex":0},"east":{"uv":[7,5,8,8],"texture":"#0","tintindex":0},"south":{"uv":[5,5,6,8],"texture":"#0","tintindex":0},"west":{"uv":[6,5,7,8],"texture":"#0","tintindex":0},"up":{"uv":[4,4,5,5],"texture":"#0","tintindex":0},"down":{"uv":[5,4,6,5],"texture":"#0","tintindex":0}}},{"name":"sleeve","from":[4,9.1,6],"to":[4,21.1,10],"rotation":{"angle":45,"axis":"x","origin":[4,21.0833,8]},"faces":{"north":{"uv":[4,5,5,8],"texture":"#0","tintindex":0},"east":{"uv":[7,5,8,8],"texture":"#0","tintindex":0},"south":{"uv":[5,5,6,8],"texture":"#0","tintindex":0},"west":{"uv":[6,5,7,8],"texture":"#0","tintindex":0},"up":{"uv":[4,4,5,5],"texture":"#0","tintindex":0},"down":{"uv":[5,4,6,5],"texture":"#0","tintindex":0}}},{"name":"sleeve","from":[0,9.1,6],"to":[0,21.1,10],"rotation":{"angle":45,"axis":"x","origin":[0,21.0833,8]},"faces":{"north":{"uv":[4,5,5,8],"texture":"#0","tintindex":0},"east":{"uv":[7,5,8,8],"texture":"#0","tintindex":0},"south":{"uv":[5,5,6,8],"texture":"#0","tintindex":0},"west":{"uv":[6,5,7,8],"texture":"#0","tintindex":0},"up":{"uv":[4,4,5,5],"texture":"#0","tintindex":0},"down":{"uv":[5,4,6,5],"texture":"#0","tintindex":0}}},{"name":"L Arm","from":[1,9,7],"to":[3,21,9],"rotation":{"angle":45,"axis":"x","origin":[4,21.0833,8]},"faces":{"north":{"uv":[2,0.25,2.5,3.25],"texture":"#0","tintindex":0},"east":{"uv":[3.5,0.25,4,3.25],"texture":"#0","tintindex":0},"south":{"uv":[2.5,0.25,3,3.25],"texture":"#0","tintindex":0},"west":{"uv":[3,0.25,3.5,3.25],"texture":"#0","tintindex":0},"up":{"uv":[2.5,0,3,0.5],"texture":"#0","tintindex":0},"down":{"uv":[2.5,0,3,0.5],"texture":"#0","tintindex":0}}}],"display":{"thirdperson_righthand":{"rotation":[75,45,0],"translation":[0,2.5,0],"scale":[0.375,0.375,0.375]},"thirdperson_lefthand":{"rotation":[75,45,0],"translation":[0,2.5,0],"scale":[0.375,0.375,0.375]},"firstperson_righthand":{"rotation":[0,111,0],"scale":[0.4,0.4,0.4]},"firstperson_lefthand":{"rotation":[0,132,0],"scale":[0.4,0.4,0.4]},"ground":{"translation":[0,3,0],"scale":[0.25,0.25,0.25]},"gui":{"rotation":[30,225,0],"translation":[0,-2,0],"scale":[0.5,0.5,0.5]},"head":{"translation":[0,-27.25,0],"scale":[1.6,1.6,1.6]},"fixed":{"scale":[0.5,0.5,0.5]}},"groups":[{"name":"Head","origin":[8,8,8],"children":[0,1,2,3,4,5,6,7]},{"name":"body","origin":[8,8,8],"children":[8,9,10,11,12,13,14,15,16,17]},{"name":"r arm","origin":[8,8,8],"children":[18,19,20,21,22,23]},{"name":"l arm","origin":[8,8,8],"children":[24,25,26,27,28,29]}]}